Temp,D.O. (mg/l),PH,CONDUCTIVITY (Âµmhos/cm),FECAL COLIFORM (MPN/100ml),TOTAL COLIFORM (MPN/100ml)Mean
30.6,6.7,7.5,203.0,11.0,27.0
29.8,5.7,7.2,189.0,4953.0,8391.0
29.5,6.3,6.9,179.0,3243.0,5330.0
29.7,5.8,6.9,64.0,5382.0,8443.0
29.5,5.8,7.3,83.0,3428.0,5500.0
30.0,5.5,7.4,81.0,2853.0,4049.0
29.2,6.1,6.7,308.0,3355.0,5672.0
29.6,6.4,6.7,414.0,6073.0,9423.0
30.0,6.4,7.6,305.0,3478.0,4990.0
30.1,6.3,7.6,77.0,2606.0,4301.0
27.8,7.1,7.1,176.0,4573.0,7817.0
27.9,6.7,6.4,93.0,2147.0,3433.0
29.3,7.4,6.8,121.0,11633.0,18125.0
29.2,6.9,7.0,620.0,3500.0,6300.0
30.0,6.0,7.5,72.0,4995.0,9517.0
29.0,7.3,7.0,247.0,1095.0,2453.0
29.1,7.3,7.0,188.0,1286.0,3048.0
28.7,7.0,6.9,224.0,3896.0,6742.0
28.7,7.3,6.7,144.0,1940.0,3052.0
29.5,5.3,6.8,319.0,6458.0,10250.0
29.0,6.3,6.4,79.0,7592.0,12842.0
29.4,5.4,7.6,39.0,3176.0,6367.0
28.3,2.2,6.5,322.0,11210.0,14920.0
30.1,5.2,7.1,192.0,5073.0,8925.0
30.3,5.6,7.5,282.0,3205.0,5082.0
30.5,5.5,7.4,275.0,4698.0,8625.0
29.1,7.3,6.7,55.0,2638.0,4003.0
30.1,6.5,7.5,415.0,864.0,1538.0
29.2,7.2,6.3,100.0,7942.0,13575.0
25.1,6.6,7.8,95.0,16.0,36.0
29.6,6.9,7.9,99.0,15.0,34.0
27.4,6.8,7.7,85.0,11.0,23.0
27.8,6.7,7.8,80.0,12.0,29.0
30.6,5.1,7.3,3937.0,31.0,83.0
25.0,5.6,7.9,468.0,66.0,164.0
25.0,6.4,7.6,541.0,23.0,45.0
25.0,5.5,7.4,6166.0,44.0,67.0
25.3,5.3,7.7,24062.0,156.0,304.0
25.1,6.7,7.6,83.0,28.0,76.0
26.1,3.6,7.4,4424.0,276.0,474.0
21.4,7.2,7.7,226.0,,130.0
27.4,5.9,7.4,268.0,37.0,68.0
27.1,5.4,7.5,2413.0,59.0,116.0
27.2,5.8,7.3,384.0,37.0,78.0
27.3,5.9,7.4,269.0,34.0,60.0
27.0,6.0,7.3,269.0,32.0,58.0
27.2,6.1,7.3,196.0,30.0,63.0
27.0,5.9,7.4,269.0,19.0,47.0
22.6,6.3,7.8,223.0,15.0,32.0
28.4,6.7,7.3,9293.0,,0.0
28.0,6.8,7.2,170.0,,0.0
27.6,6.8,7.3,4175.0,,0.0
27.9,6.9,7.3,4282.0,,0.0
28.1,6.9,7.3,5551.0,,0.0
27.1,6.8,7.9,5390.0,15.0,28.0
27.6,6.6,8.1,161.0,16.0,32.0
27.3,6.7,8.0,138.0,14.0,33.0
27.8,6.7,7.8,81.0,14.0,35.0
28.0,5.9,7.7,194.0,22.0,51.0
28.1,6.3,7.6,186.0,13.0,31.0
28.6,6.6,7.6,207.0,12.0,31.0
26.9,6.8,7.7,85.0,15.0,34.0
23.0,7.1,7.4,176.0,,30.0
23.0,7.0,7.4,178.0,,40.0
23.0,7.2,7.2,180.0,,70.0
25.1,6.7,7.5,85.0,183.0,420.0
24.6,5.8,7.4,77.0,285.0,691.0
25.7,6.6,7.5,75.0,183.0,448.0
24.8,6.7,7.5,82.0,161.0,443.0
27.3,6.7,6.9,56.0,82.0,172.0
27.5,6.5,6.7,2240.0,136.0,304.0
25.2,6.3,6.9,73.0,787.0,2008.0
29.9,7.0,7.4,130.0,301.0,590.0
29.8,6.6,7.7,191.0,362.0,661.0
27.8,6.9,6.9,134.0,249.0,531.0
26.7,7.0,7.5,80.0,2573.0,3583.0
25.8,6.7,7.4,14526.0,1411.0,1969.0
26.4,7.2,7.4,82.0,840.0,1311.0
29.8,7.5,7.2,67.0,76.0,590.0
28.6,3.0,6.6,965.0,247.0,530.0
26.9,5.9,7.4,17990.0,1888.0,2803.0
26.0,6.7,7.5,90.0,199.0,473.0
23.6,6.1,7.4,4429.0,243.0,550.0
30.3,6.7,6.9,87.0,155.0,350.0
30.7,6.9,6.8,85.0,82.0,206.0
28.7,2.1,6.8,101.0,431.0,694.0
28.2,2.5,6.9,83.0,353.0,656.0
24.8,7.2,7.6,75.0,188.0,426.0
26.3,3.7,7.7,32005.0,40000.0,60392.0
29.2,6.1,7.6,281.0,384.0,718.0
26.6,6.7,7.6,106.0,44.0,71.0
30.4,7.6,7.1,58.0,163.0,961.0
25.5,1.9,7.7,2941.0,10875.0,37375.0
25.1,7.4,7.0,35.0,165.0,409.0
28.9,6.4,7.2,63.0,121.0,535.0
28.8,5.4,6.7,65.0,60.0,144.0
29.3,5.6,7.3,90.0,268.0,705.0
29.5,7.1,8.0,728.0,374.0,697.0
28.4,5.9,6.8,13953.0,70.0,166.0
26.9,7.4,6.9,57.0,70.0,159.0
25.8,7.2,7.2,41.0,441.0,658.0
26.6,6.5,7.4,71.0,4192.0,7018.0
25.3,6.8,7.1,81.0,389.0,1268.0
28.2,6.8,6.9,68.0,449.0,660.0
28.5,6.6,7.0,70.0,550.0,822.0
27.6,6.4,7.7,100.0,56.0,88.0
29.0,7.3,6.9,96.0,89.0,825.0
27.5,6.8,6.6,49.0,1719.0,2950.0
30.0,5.6,7.2,24360.0,92.0,447.0
27.8,6.9,6.8,59.0,1916.0,3375.0
30.2,7.1,6.8,14410.0,65.0,468.0
30.8,6.2,7.2,22757.0,98.0,542.0
25.3,6.7,7.1,66.0,222.0,626.0
25.3,7.2,7.0,59.0,165.0,433.0
25.8,6.0,7.6,120.0,212.0,523.0
27.2,5.2,6.8,55.0,171.0,313.0
28.1,4.8,6.8,86.0,208.0,332.0
28.3,3.9,6.9,62.0,155.0,284.0
28.1,5.0,6.9,3185.0,290.0,667.0
27.7,7.0,7.0,36.0,276.0,541.0
28.0,6.3,6.9,64.0,381.0,815.0
28.2,6.2,6.9,86.0,372.0,1007.0
28.0,5.7,6.8,2640.0,385.0,759.0
28.1,5.7,6.9,53.0,574.0,1205.0
28.1,6.6,7.1,2007.0,356.0,785.0
28.1,6.6,7.0,46.0,228.0,472.0
27.3,6.5,6.5,43.0,87.0,188.0
28.3,6.7,6.3,54.0,136.0,610.0
29.1,4.3,7.2,113.0,188.0,796.0
28.7,4.6,6.7,12561.0,72.0,171.0
28.5,7.7,6.9,61.0,88.0,554.0
26.6,5.8,6.5,61.0,70.0,151.0
31.0,4.5,6.9,1614.0,131.0,230.0
30.5,6.9,7.2,20950.0,113.0,643.0
28.8,6.6,7.0,14487.0,55.0,103.0
25.3,6.9,7.5,54.0,319.0,1633.0
25.9,5.5,7.6,569.0,18.0,141.0
26.5,5.4,7.8,310.0,7.0,107.0
18.9,7.1,7.8,516.0,2.0,1238.0
20.5,6.9,8.0,505.0,2.0,1563.0
27.1,7.3,7.3,109.0,18.0,65.0
26.3,7.5,7.5,83.0,22.0,74.0
29.1,6.4,7.2,102.0,137.0,1223.0
28.4,6.5,7.1,92.0,155.0,1342.0
24.7,7.7,7.9,232.0,30790.0,40500.0
24.4,7.5,7.8,519.0,38700.0,53556.0
22.7,7.3,7.2,103.0,4871.0,13810.0
24.8,7.4,7.9,196.0,5323.0,15213.0
24.0,7.4,7.8,244.0,20880.0,12473.0
22.8,7.5,8.0,243.0,8780.0,30319.0
26.8,7.2,8.0,296.0,1468.0,4314.0
27.4,6.6,7.8,25034.0,1671.0,4224.0
25.3,7.5,7.9,194.0,2906.0,8559.0
27.1,7.4,7.9,170.0,4948.0,16709.0
29.0,,7.3,386.0,,
25.0,5.9,7.9,21600.0,,
25.0,6.5,7.3,21600.0,,
25.0,6.5,7.7,26600.0,,
32.0,6.0,7.1,13000.0,,
29.3,6.5,7.4,1063.0,177.0,374.0
22.8,6.8,6.6,63.0,11.0,36.0
24.5,6.6,6.4,101.0,13.0,41.0
25.5,6.6,6.5,136.0,13.0,45.0
29.0,6.7,6.9,226.0,12.0,38.0
23.8,6.7,6.3,72.0,9.0,32.0
22.8,6.7,6.4,61.0,10.0,34.0
29.0,6.6,7.2,1300.0,21.0,60.0
29.0,6.7,7.0,461.0,17.0,51.0
23.0,6.6,6.2,69.0,11.0,38.0
29.0,6.8,6.9,241.0,14.0,48.0
25.7,6.5,6.6,159.0,11.0,41.0
25.7,6.6,6.7,170.0,10.0,34.0
24.3,0.9,7.6,2039.0,272521616.0,511090873.0
,,,,,
22.7,5.8,7.2,640.0,1450.0,4073.0
19.0,4.8,7.6,1090.0,30500.0,52500.0
23.0,5.5,7.3,705.0,2020.0,5433.0
24.0,5.1,7.4,1375.0,27333.0,50333.0
24.7,5.5,7.4,745.0,12167.0,29333.0
25.0,5.0,7.6,975.0,11167.0,21667.0
22.0,4.9,7.7,1385.0,42500.0,72000.0
24.3,5.0,7.3,1067.0,21467.0,39533.0
23.3,5.3,7.2,970.0,3167.0,7133.0
19.5,4.9,7.7,1418.0,28000.0,49500.0
21.5,4.1,7.5,1015.0,35000.0,57500.0
20.0,4.8,7.4,854.0,20500.0,38000.0
,,8.2,,,
,,7.9,,,
32.6,4.0,6.8,370.0,4.0,9.0
23.6,7.8,7.8,376.0,9.0,17.0
23.9,7.7,7.7,354.0,12.0,22.0
24.5,7.6,7.9,344.0,12.0,22.0
,,7.2,,,
18.1,4.4,7.1,694.0,92.0,224.0
25.1,5.9,8.0,401.0,4.0,15.0
22.3,6.0,7.2,106.0,4.0,15.0
23.7,5.6,7.9,326.0,4.0,4.0
23.9,6.2,8.1,592.0,4.0,6.0
25.5,7.2,7.5,119.0,33.0,74.0
25.1,7.2,7.5,120.0,31.0,67.0
25.2,7.5,7.3,82.0,30.0,70.0
23.2,7.5,7.5,111.0,293.0,506.0
20.1,5.3,3.3,831.0,18.0,36.0
18.3,7.2,7.2,56.0,21.0,42.0
19.3,7.5,7.2,66.0,22.0,44.0
24.0,7.8,7.0,74.0,28.0,108.0
20.5,6.7,2.7,1350.0,7.0,16.0
21.2,7.3,6.6,274.0,176.0,386.0
26.3,7.4,7.3,67.0,25.0,55.0
25.5,7.2,7.4,82.0,26.0,61.0
20.0,7.3,7.1,55.0,24.0,53.0
20.3,7.3,7.1,57.0,24.0,50.0
19.4,6.6,7.1,114.0,2142.0,3108.0
21.0,7.3,5.6,56.0,16.0,34.0
19.2,5.1,7.0,105.0,351.0,780.0
18.3,7.3,7.1,51.0,19.0,40.0
19.6,7.7,7.2,50.0,19.0,36.0
23.7,7.6,7.3,115.0,301.0,528.0
18.2,6.2,7.0,81.0,36.0,79.0
18.8,7.2,7.1,66.0,28.0,63.0
18.9,7.4,7.1,57.0,13.0,40.0
25.1,7.5,7.4,144.0,26.0,59.0
18.8,7.1,7.1,63.0,22.0,48.0
20.2,7.3,7.2,65.0,24.0,48.0
20.0,7.3,7.3,65.0,25.0,54.0
18.5,1.5,6.9,345.0,23232.0,34251.0
18.8,3.9,7.1,233.0,13174.0,22223.0
18.3,1.0,7.2,376.0,48665.0,83554.0
18.5,0.9,7.2,506.0,64250.0,106333.0
18.2,7.2,7.0,66.0,28.0,60.0
22.1,7.7,7.2,62.0,27.0,59.0
17.6,7.3,6.9,61.0,25.0,52.0
18.7,1.2,7.1,380.0,51583.0,94083.0
18.7,3.2,7.1,258.0,31833.0,54083.0
23.1,7.2,7.2,124.0,348.0,552.0
22.6,7.2,7.1,65.0,56.0,120.0
20.0,7.5,7.3,64.0,21.0,42.0
19.9,7.6,7.3,65.0,21.0,43.0
24.5,7.1,7.3,269.0,,115.0
24.4,7.2,7.3,275.0,4.0,68.0
23.6,6.9,7.1,186.0,,29.0
23.5,6.8,7.1,201.0,,86.0
27.3,6.2,7.8,165.0,282.0,340.0
29.1,6.4,7.8,158.0,458.0,500.0
26.6,6.6,7.9,210.0,510.0,572.0
,,0.0,208.0,,
27.1,7.3,7.9,693.0,161.0,173.0
27.3,5.0,7.6,1676.0,329.0,174.0
,,0.0,506.0,26.0,227.0
24.5,6.0,7.7,1863.0,47.0,1183.0
,,,24300.0,22474.0,24.0
27.5,5.3,7.8,817.0,9.0,23.0
28.3,4.3,7.8,2307.0,,1817.0
28.4,4.5,8.3,1287.0,116.0,5.0
,,,,,2.0
27.6,6.8,8.2,1862.0,7.0,64.0
,5.0,8.0,,,
,3.0,7.7,,,
27.0,6.7,8.1,2520.0,6.0,41.0
29.0,8.2,8.4,606.0,,
,,,,,
30.0,5.6,7.5,41.0,7022.0,13410.0
30.4,5.5,6.7,209.0,1893.0,2915.0
30.8,5.5,7.1,123.0,3293.0,6264.0
30.3,5.3,7.3,182.0,1976.0,3080.0
30.1,6.0,7.6,100.0,5129.0,6086.0
29.9,5.7,6.9,111.0,939.0,3061.0
29.1,6.4,7.1,140.0,4464.0,7908.0
29.9,6.2,7.8,44.0,9429.0,9320.0
29.8,6.1,7.6,43.0,6668.0,9554.0
27.9,7.0,6.9,64.0,1641.0,2841.0
28.2,6.6,6.5,62.0,4073.0,7190.0
29.6,7.0,6.8,304.0,12140.0,23867.0
28.8,7.0,7.0,55.0,1298.0,2813.0
29.5,6.3,7.6,213.0,3803.0,7069.0
29.8,6.7,6.8,83.0,2140.0,3559.0
29.7,7.1,6.6,76.0,2367.0,3527.0
28.7,6.7,6.6,107.0,2461.0,3757.0
27.9,7.2,6.7,89.0,832.0,1996.0
29.3,4.2,6.7,192.0,4448.0,9286.0
28.6,6.3,6.6,79.0,2830.0,6054.0
29.8,5.6,7.7,142.0,1831.0,3644.0
28.6,2.8,6.4,424.0,12658.0,21036.0
30.6,5.2,7.1,306.0,1411.0,1525.0
30.3,5.6,7.7,40.0,4153.0,7130.0
30.4,5.5,7.7,40.0,7086.0,12282.0
29.6,6.9,6.7,63.0,691.0,1132.0
29.6,6.3,7.6,227.0,3622.0,3612.0
29.5,7.1,6.6,68.0,4124.0,8167.0
26.7,6.9,7.7,121.0,77.0,163.0
29.3,7.2,8.2,112.0,39.0,94.0
28.0,6.9,7.7,103.0,48.0,103.0
28.2,6.9,7.6,104.0,37.0,79.0
26.5,6.4,7.4,1003.0,524.0,753.0
20.7,6.3,8.3,408.0,64.0,157.0
27.2,6.7,7.8,105.0,43.0,89.0
27.5,6.3,7.6,209.0,48.0,98.0
26.0,5.9,7.6,13768.0,166.0,300.0
26.5,7.3,7.7,86.0,50.0,93.0
27.0,3.6,7.4,6487.0,534.0,745.0
27.3,6.3,8.3,999.0,4.0,112.0
28.7,7.2,7.7,125.0,39.0,89.0
28.4,7.1,7.5,127.0,17.0,63.0
28.7,7.1,7.4,5300.0,388.0,667.0
28.7,7.2,7.6,127.0,22.0,51.0
28.7,7.0,7.6,126.0,20.0,63.0
28.7,7.2,7.6,126.0,29.0,64.0
28.7,7.1,7.8,112.0,43.0,88.0
29.3,6.8,7.7,9590.0,3.0,124.0
28.3,6.8,7.4,174.0,4.0,124.0
28.7,6.8,7.6,2572.0,4.0,118.0
29.2,6.7,7.8,6030.0,4.0,138.0
28.7,6.8,7.7,7207.0,3.0,120.0
27.2,6.8,8.1,167.0,32.0,85.0
27.2,6.8,8.0,173.0,53.0,98.0
27.2,7.0,8.0,168.0,44.0,83.0
28.0,6.9,7.9,131.0,41.0,96.0
26.2,7.0,7.6,125.0,33.0,63.0
26.2,7.2,7.5,132.0,38.0,88.0
28.2,7.2,7.7,119.0,35.0,68.0
24.5,6.9,7.5,159.0,3.0,82.0
24.5,6.7,7.7,141.0,4.0,90.0
24.5,7.3,7.7,132.0,3.0,88.0
24.0,6.4,7.3,76.0,199.0,788.0
24.9,6.0,7.1,85.0,262.0,538.0
24.3,6.3,7.1,69.0,248.0,593.0
24.8,6.5,7.3,76.0,226.0,545.0
26.4,6.7,6.6,60.0,228.0,435.0
27.0,7.0,6.6,3544.0,208.0,435.0
26.6,6.7,7.3,51.0,547.0,1567.0
28.6,6.9,7.7,107.0,255.0,443.0
28.8,6.7,7.9,173.0,191.0,426.0
28.0,5.6,6.9,126.0,266.0,990.0
27.4,7.3,7.4,70.0,2984.0,4208.0
27.5,6.9,7.4,12754.0,1807.0,2557.0
26.8,7.1,7.4,80.0,1921.0,2831.0
30.0,7.2,6.9,62.0,33.0,150.0
28.8,3.4,6.7,2965.0,271.0,1236.0
27.4,6.1,7.2,15871.0,1667.0,2975.0
24.8,6.4,7.2,120.0,258.0,618.0
23.6,6.2,7.2,7448.0,184.0,483.0
29.8,6.6,6.9,77.0,264.0,756.0
30.2,6.8,7.0,72.0,249.0,785.0
28.2,2.9,6.7,305.0,403.0,1623.0
27.7,3.0,6.6,86.0,357.0,1319.0
23.9,6.7,7.1,79.0,313.0,738.0
27.4,3.6,7.3,32790.0,64259.0,112867.0
27.8,6.1,7.8,2905.0,422.0,997.0
26.4,6.9,7.4,112.0,50.0,67.0
29.6,7.0,6.9,51.0,44.0,317.0
27.0,3.1,7.2,1416.0,2992.0,19917.0
26.3,7.0,7.1,30.0,211.0,496.0
30.0,6.1,7.0,59.0,89.0,282.0
28.0,6.0,6.4,61.0,87.0,300.0
30.1,6.3,7.0,105.0,142.0,543.0
27.9,6.9,8.1,502.0,382.0,615.0
27.0,5.9,6.7,14662.0,144.0,377.0
26.0,7.8,6.8,49.0,122.0,319.0
27.7,7.1,7.4,380.0,1527.0,66382.0
27.1,7.3,7.2,67.0,6490.0,3471.0
26.5,6.2,7.2,51.0,331.0,942.0
28.5,7.2,6.8,69.0,706.0,941.0
28.7,6.9,6.7,75.0,526.0,701.0
25.7,6.3,7.4,113.0,98.0,128.0
29.3,7.6,6.8,79.0,48.0,109.0
27.0,7.0,7.2,57.0,2117.0,3558.0
30.9,5.9,7.0,22576.0,42.0,253.0
27.1,6.8,7.2,105.0,1200.0,2392.0
30.3,6.3,6.7,2315.0,55.0,278.0
30.4,6.4,6.9,18569.0,40.0,277.0
26.2,6.6,7.3,45.0,228.0,940.0
26.2,6.9,7.2,42.0,151.0,774.0
25.1,6.0,7.3,92.0,256.0,597.0
27.4,6.1,7.2,59.0,181.0,311.0
28.1,4.5,6.9,1190.0,218.0,388.0
28.3,4.2,7.0,69.0,240.0,420.0
28.2,6.0,7.0,5569.0,473.0,1894.0
27.2,7.3,7.0,34.0,234.0,927.0
27.4,6.3,7.0,44.0,487.0,1876.0
28.2,6.4,7.2,49.0,362.0,1357.0
27.9,5.9,7.0,3272.0,330.0,1284.0
27.3,4.6,7.0,65.0,631.0,1937.0
28.2,6.5,6.9,4650.0,340.0,1573.0
28.2,6.5,7.0,42.0,249.0,1221.0
26.7,6.4,6.4,45.0,142.0,376.0
28.0,6.0,6.1,56.0,136.0,438.0
29.7,5.3,6.8,99.0,106.0,523.0
28.2,3.6,6.5,22131.0,105.0,261.0
28.9,6.9,6.7,66.0,93.0,205.0
26.4,6.0,6.6,67.0,168.0,398.0
30.0,4.9,6.8,9107.0,208.0,614.0
30.8,6.3,7.0,18931.0,34.0,201.0
27.8,6.6,6.8,15525.0,149.0,347.0
26.7,7.1,7.5,46.0,239.0,1097.0
27.0,6.0,7.3,432.0,3.0,78.0
26.8,6.1,7.7,328.0,3.0,211.0
19.0,5.8,7.8,707.0,2.0,1100.0
21.4,6.1,8.0,674.0,2.0,1260.0
27.1,7.3,7.3,164.0,115.0,336.0
26.3,7.6,7.4,122.0,223.0,834.0
28.3,6.5,7.1,95.0,156.0,212.0
27.9,6.5,7.1,56.0,30.0,79.0
23.4,7.5,7.8,237.0,8281.0,18918.0
23.5,7.6,7.6,3688.0,19264.0,32918.0
22.4,7.3,7.5,82.0,15816.0,17512.0
26.8,7.5,8.0,202.0,11771.0,23191.0
26.5,7.3,7.9,232.0,9026.0,30836.0
22.0,7.4,7.9,246.0,1850.0,3900.0
27.6,6.9,8.1,3960.0,19058.0,22523.0
26.8,7.0,8.0,28222.0,16613.0,10469.0
25.6,7.2,7.8,201.0,29937.0,31034.0
26.5,7.3,8.0,221.0,16103.0,5289.0
24.0,,7.8,,,
28.0,8.0,7.7,401.0,,
28.0,8.0,8.2,1886.0,,
28.0,7.0,8.2,742.0,,
27.0,7.0,6.4,149.0,,
27.8,6.7,7.5,1088.0,194.0,474.0
23.4,7.2,6.5,73.0,19.0,59.0
25.4,6.7,6.3,98.0,21.0,74.0
26.3,6.3,6.5,143.0,38.0,124.0
29.0,6.6,6.9,260.0,17.0,53.0
24.6,7.1,6.3,71.0,24.0,82.0
23.5,6.9,6.3,65.0,17.0,52.0
29.0,7.3,7.1,607.0,33.0,104.0
27.0,6.1,7.0,446.0,26.0,77.0
24.0,6.9,6.4,94.0,20.0,65.0
28.7,6.8,6.8,451.0,22.0,58.0
26.3,6.0,6.6,169.0,22.0,84.0
25.7,6.5,6.7,187.0,32.0,113.0
26.8,3.4,7.8,2577.0,148825783.0,160405392.0
,,,,,
23.3,5.5,7.2,636.0,1328.0,4975.0
22.8,4.7,7.3,1088.0,28250.0,56000.0
23.3,5.3,7.2,689.0,1350.0,6025.0
21.8,4.9,7.3,1267.0,24750.0,54250.0
24.3,5.3,7.4,852.0,13775.0,26750.0
23.5,4.9,7.5,977.0,12375.0,30500.0
24.0,4.4,7.4,1256.0,25250.0,55250.0
23.5,4.8,7.2,1021.0,22875.0,43700.0
23.3,5.1,7.3,971.0,2125.0,8425.0
22.5,4.6,7.4,1284.0,21500.0,50000.0
26.0,4.0,7.4,1096.0,31750.0,57500.0
25.8,4.4,7.3,1002.0,21000.0,43750.0
,,6.9,910.0,,
,,6.5,930.0,,
,5.0,7.3,,,
,,6.7,960.0,,
30.7,4.8,7.6,295.0,4.0,9.0
20.3,7.1,7.5,293.0,9.0,19.0
20.7,7.1,7.5,316.0,13.0,22.0
20.8,6.6,7.5,274.0,14.0,24.0
20.6,4.9,7.4,407.0,51.0,120.0
28.0,4.9,8.3,603.0,4.0,5.0
23.4,5.5,7.4,138.0,4.0,6.0
25.3,5.5,8.1,625.0,4.0,6.0
31.1,5.0,7.3,305.0,4.0,12.0
26.3,5.6,8.1,552.0,4.0,6.0
22.0,7.3,7.3,402.0,4.0,32.0
24.4,7.2,7.3,99.0,26.0,57.0
23.7,7.2,7.4,102.0,25.0,56.0
24.6,7.6,7.2,72.0,24.0,57.0
23.1,7.1,7.5,131.0,239.0,413.0
21.7,5.2,2.9,682.0,16.0,30.0
18.2,7.3,7.1,47.0,15.0,48.0
18.8,7.6,7.2,52.0,16.0,36.0
23.8,8.0,6.9,64.0,23.0,49.0
17.8,7.9,7.3,46.0,12.0,29.0
18.7,7.4,7.2,53.0,14.0,32.0
18.8,7.7,7.2,55.0,15.0,63.0
21.3,6.8,2.7,1074.0,4.0,11.0
22.6,7.1,6.5,237.0,674.0,1072.0
25.2,7.8,7.2,50.0,20.0,41.0
24.8,7.3,7.3,71.0,21.0,47.0
19.9,7.3,7.0,91.0,20.0,45.0
20.7,7.4,7.1,49.0,19.0,42.0
20.6,6.5,7.1,99.0,1967.0,2722.0
21.5,7.5,5.7,50.0,10.0,23.0
17.7,5.8,6.9,68.0,197.0,463.0
17.9,6.9,7.2,44.0,14.0,33.0
23.9,7.8,7.3,93.0,264.0,444.0
18.0,6.6,7.0,66.0,29.0,63.0
18.4,7.6,7.1,53.0,23.0,53.0
18.8,7.8,7.0,47.0,8.0,35.0
24.8,7.7,7.4,128.0,25.0,56.0
19.3,7.1,7.0,54.0,20.0,43.0
20.6,7.4,7.0,69.0,17.0,87.0
20.7,7.5,7.2,58.0,21.0,46.0
18.4,3.1,7.2,401.0,22556.0,31444.0
19.1,4.7,7.2,202.0,13444.0,20056.0
19.7,2.1,7.2,303.0,39444.0,62333.0
20.1,1.8,7.2,394.0,57222.0,96944.0
17.6,7.2,6.9,55.0,26.0,56.0
22.7,7.9,7.1,55.0,23.0,50.0
17.9,6.9,6.9,52.0,1576.0,45.0
18.9,1.9,7.0,306.0,48278.0,85667.0
19.4,4.5,7.1,196.0,48611.0,43333.0
23.7,7.2,7.1,107.0,303.0,476.0
22.7,7.5,7.0,82.0,45.0,122.0
23.6,7.1,7.5,189.0,,
23.8,7.0,7.6,197.0,,
23.5,7.2,7.9,158.0,,
23.5,6.5,7.8,161.0,,
27.4,6.6,7.7,165.0,280.0,325.0
21.9,6.7,7.8,167.0,440.0,520.0
27.5,6.6,7.7,183.0,415.0,575.0
31.0,7.1,7.8,151.0,,
28.0,7.2,7.4,319.0,5.0,10.0
27.0,6.2,8.4,894.0,140.0,350.0
30.0,2.2,8.0,1835.0,10478.0,25478.0
31.0,2.0,7.7,3165.0,11498.0,15173.0
29.0,2.4,7.6,1500.0,3.0,13.0
31.0,5.9,7.2,52.0,,90.0
30.0,6.1,6.8,408.0,1300.0,3808.0
30.0,5.5,6.9,143.0,4100.0,11113.0
29.0,5.4,7.2,60.0,428.0,2309.0
29.0,5.8,7.2,34.0,855.0,3322.0
29.0,5.9,6.7,125.0,1638.0,5793.0
28.0,6.4,6.7,175.0,772.0,3636.0
30.0,6.2,7.7,39.0,1296.0,4517.0
30.0,6.1,7.8,39.0,1032.0,5840.0
27.0,7.3,6.9,61.0,1430.0,4388.0
28.0,6.8,6.6,71.0,2495.0,3949.0
29.0,7.4,6.5,129.0,5868.0,16691.0
28.0,7.0,6.8,503.0,965.0,2404.0
29.0,6.3,7.5,31.0,1466.0,4267.0
29.0,7.1,6.8,70.0,716.0,3567.0
30.0,7.3,6.8,69.0,457.0,2446.0
28.0,6.7,6.6,118.0,1104.0,3496.0
28.0,7.4,6.8,80.0,274.0,1404.0
29.0,4.5,6.6,250.0,1572.0,5889.0
28.0,6.1,6.9,74.0,1074.0,3937.0
30.0,5.9,7.3,44.0,962.0,2794.0
30.0,2.4,6.5,195.0,7980.0,14217.0
31.0,4.0,6.8,207.0,818.0,2280.0
29.0,5.4,7.6,40.0,290.0,1330.0
30.0,5.3,7.6,41.0,952.0,2517.0
29.0,7.0,6.9,54.0,667.0,3059.0
29.0,5.9,7.7,44.0,1200.0,831.0
29.0,7.1,6.5,60.0,2926.0,8163.0
29.0,6.9,7.7,99.0,53.0,123.0
30.0,6.6,7.9,123.0,44.0,104.0
27.0,6.6,7.7,220.0,25.0,77.0
27.0,6.8,7.7,219.0,23.0,75.0
27.0,4.8,7.2,5429.0,177.0,408.0
23.0,6.4,8.0,493.0,17.0,68.0
29.0,6.8,7.6,100.0,124.0,295.0
29.0,6.7,7.5,316.0,47.0,132.0
28.0,5.8,7.9,37227.0,231.0,451.0
29.0,6.9,7.7,84.0,69.0,168.0
25.0,4.9,7.6,21254.0,560.0,964.0
28.0,6.9,7.9,312.0,4.0,107.0
29.0,6.8,7.5,146.0,124.0,241.0
29.0,6.7,7.3,127.0,100.0,209.0
29.0,5.6,6.9,432.0,58.0,173.0
29.0,6.5,7.3,126.0,132.0,284.0
30.0,7.1,7.5,128.0,136.0,297.0
30.0,6.4,7.3,129.0,68.0,191.0
29.0,6.9,7.7,129.0,135.0,268.0
25.0,7.0,7.9,153.0,30.0,86.0
30.0,6.4,7.6,10165.0,5.0,139.0
30.0,6.9,7.7,307.0,4.0,123.0
31.0,6.3,7.7,322.0,4.0,116.0
30.0,6.5,7.5,5835.0,4.0,126.0
30.0,6.3,7.4,9245.0,4.0,134.0
28.0,6.5,8.1,1907.0,46.0,115.0
28.0,7.0,8.0,1896.0,190.0,245.0
28.0,7.0,8.0,206.0,31.0,74.0
27.0,6.8,7.8,239.0,33.0,77.0
27.0,6.4,7.6,152.0,62.0,142.0
26.0,6.7,7.7,146.0,30.0,73.0
27.0,6.7,7.6,137.0,24.0,64.0
28.0,6.6,7.8,228.0,30.0,79.0
23.0,7.0,7.7,409.0,4.0,112.0
22.0,6.8,7.6,263.0,4.0,123.0
23.0,6.9,7.5,338.0,4.0,108.0
26.0,7.0,7.2,79.0,279.0,637.0
26.0,6.6,7.0,67.0,275.0,670.0
26.0,6.6,7.3,59.0,281.0,541.0
26.0,6.2,7.3,66.0,303.0,609.0
26.0,7.1,7.0,67.0,170.0,538.0
26.0,7.0,6.7,5341.0,158.0,528.0
29.0,6.7,7.3,89.0,1163.0,2025.0
28.0,6.2,7.3,136.0,296.0,676.0
28.0,7.1,8.1,212.0,524.0,992.0
29.0,6.3,6.3,134.0,224.0,780.0
26.0,7.3,7.2,76.0,468.0,893.0
26.0,7.0,7.3,11041.0,256.0,503.0
28.0,6.8,7.1,75.0,693.0,1169.0
29.0,7.4,7.2,61.0,54.0,255.0
28.0,1.7,6.6,769.0,556.0,1717.0
26.0,6.1,7.5,14083.0,920.0,2686.0
26.0,6.6,7.2,92.0,332.0,660.0
25.0,6.6,7.2,1348.0,392.0,810.0
29.0,6.0,6.7,95.0,253.0,680.0
29.0,6.6,6.8,78.0,275.0,626.0
28.0,0.6,6.7,268.0,400.0,1308.0
27.0,1.8,6.6,82.0,399.0,1410.0
25.0,7.1,7.2,61.0,251.0,608.0
26.0,3.9,7.6,30298.0,4830.0,7240.0
27.0,6.6,8.0,310.0,517.0,783.0
27.0,7.0,7.1,97.0,45.0,77.0
29.0,7.3,7.0,51.0,65.0,258.0
29.0,0.5,7.1,1717.0,3317.0,15833.0
29.0,7.0,7.4,55.0,800.0,1400.0
29.0,6.1,6.8,67.0,80.0,394.0
27.0,7.0,6.7,61.0,168.0,248.0
30.0,5.2,6.9,81.0,71.0,465.0
27.0,6.1,8.0,510.0,784.0,1572.0
27.0,6.5,6.9,12150.0,711.0,1481.0
25.0,7.9,7.2,50.0,319.0,845.0
25.0,7.5,6.9,34.0,110.0,256.0
26.0,7.0,7.4,72.0,496.0,897.0
29.0,7.3,7.3,99.0,1088.0,1788.0
27.0,7.5,6.9,125.0,970.0,1400.0
27.0,6.8,6.9,116.0,825.0,1260.0
27.0,5.8,7.3,107.0,232.0,343.0
28.0,7.1,7.2,85.0,67.0,184.0
26.0,6.8,7.1,58.0,2010.0,3460.0
29.0,5.7,7.3,13197.0,46.0,144.0
27.0,6.7,7.1,58.0,964.0,1739.0
28.0,7.0,6.9,3453.0,56.0,278.0
29.0,6.5,7.0,14369.0,63.0,175.0
28.0,6.6,7.3,70.0,838.0,1875.0
29.0,7.0,7.3,60.0,631.0,1813.0
26.0,6.3,7.2,97.0,357.0,880.0
28.0,6.0,7.0,63.0,243.0,493.0
28.0,4.4,7.1,113.0,358.0,722.0
28.0,4.5,7.2,79.0,279.0,537.0
28.0,5.1,6.9,1789.0,408.0,1946.0
27.0,7.5,7.2,36.0,282.0,1134.0
28.0,6.8,7.0,59.0,648.0,2267.0
28.0,6.8,6.9,114.0,388.0,1785.0
28.0,5.9,6.8,1108.0,386.0,1520.0
28.0,4.9,6.7,88.0,480.0,2200.0
28.0,6.8,6.9,1686.0,236.0,1223.0
28.0,7.1,6.9,45.0,451.0,1636.0
26.0,6.9,6.6,56.0,177.0,542.0
28.0,6.5,6.3,49.0,87.0,323.0
29.0,4.9,6.6,169.0,250.0,1241.0
28.0,4.2,6.5,19575.0,210.0,528.0
28.0,6.9,7.1,63.0,152.0,336.0
26.0,6.6,6.7,69.0,185.0,464.0
29.0,4.5,6.6,6381.0,196.0,435.0
29.0,6.2,7.2,9326.0,61.0,141.0
27.0,6.6,7.1,15158.0,126.0,810.0
29.0,6.3,7.3,74.0,725.0,1813.0
27.0,6.0,7.6,429.0,3.0,362.0
27.0,6.0,7.8,308.0,3.0,343.0
20.0,5.8,7.4,505.0,4.0,1517.0
24.0,6.1,7.5,465.0,4.0,1458.0
28.0,6.4,7.1,183.0,209.0,398.0
27.0,7.1,7.4,135.0,419.0,995.0
32.0,6.7,7.2,103.0,11.0,70.0
30.0,6.8,7.1,106.0,13.0,137.0
22.0,7.8,7.9,213.0,7742.0,15083.0
22.0,7.7,8.1,312.0,12675.0,32017.0
24.0,6.9,7.6,99.0,3066.0,5395.0
27.0,7.3,8.0,230.0,2346.0,4348.0
26.0,6.8,8.1,264.0,2428.0,5142.0
25.0,7.2,8.1,272.0,2196.0,4586.0
28.0,8.0,8.3,312.0,1618.0,4319.0
29.0,8.2,8.0,19595.0,624.0,1116.0
26.0,7.0,8.0,199.0,1503.0,3573.0
28.0,7.2,8.1,201.0,1239.0,2324.0
31.0,6.8,7.8,505.0,,
25.0,6.5,7.9,11170.0,,
25.0,6.9,7.4,4990.0,,
25.0,6.8,8.1,1516.0,,
26.0,6.0,7.3,44600.0,,
27.0,6.8,7.5,890.0,274.0,589.0
23.0,7.3,7.6,160.0,32.0,89.0
25.0,7.0,7.7,111.0,53.0,131.0
26.0,6.7,7.7,139.0,123.0,300.0
29.0,7.2,7.2,288.0,33.0,91.0
24.0,7.0,7.1,95.0,47.0,118.0
24.0,7.0,7.5,84.0,32.0,87.0
29.0,7.4,7.0,3101.0,76.0,174.0
29.0,7.2,7.3,510.0,46.0,123.0
24.0,7.1,7.4,88.0,34.0,90.0
29.0,7.2,6.9,338.0,44.0,104.0
26.0,6.7,7.6,162.0,90.0,249.0
27.0,6.7,7.6,182.0,92.0,251.0
32.0,0.2,7.2,2219.0,180000000.0,300000000.0
,6.8,8.0,414.0,,
21.0,5.5,7.4,635.0,1400.0,5500.0
24.0,5.5,7.4,1051.0,32000.0,63000.0
21.0,5.3,7.3,636.0,2150.0,10000.0
24.0,5.1,7.4,993.0,36250.0,57750.0
21.0,5.3,7.5,632.0,20000.0,34750.0
18.0,4.9,7.4,973.0,22000.0,40667.0
22.0,4.3,7.5,1156.0,33750.0,65000.0
22.0,4.8,7.4,904.0,31750.0,55000.0
21.0,5.1,7.4,1110.0,3475.0,12000.0
24.0,5.3,7.4,1290.0,36250.0,66250.0
22.0,4.9,7.4,990.0,19000.0,40500.0
22.0,5.2,7.4,914.0,14750.0,29500.0
,6.4,7.9,1808.0,,
,6.6,7.8,1302.0,,
,6.4,8.0,1286.0,,
33.0,4.8,7.5,280.0,3.0,4.0
20.0,7.7,7.4,344.0,9.0,19.0
20.0,7.3,7.0,310.0,13.0,22.0
20.0,7.1,7.7,303.0,13.0,23.0
20.0,3.3,7.5,1630.0,,
18.0,6.2,7.5,788.0,105.0,235.0
24.0,6.0,8.3,468.0,5.0,16.0
19.0,5.9,7.3,234.0,4.0,12.0
23.0,6.4,8.0,527.0,5.0,21.0
24.0,5.9,7.9,796.0,4.0,14.0
23.0,7.3,7.4,388.0,,46.0
28.0,8.5,7.5,166.0,,31.0
29.0,8.9,7.0,125.0,,45.0
30.0,8.0,7.8,144.0,,51.0
30.0,7.5,7.7,87.0,,54.0
28.0,8.5,7.6,84.0,,16.0
29.0,8.4,7.5,103.0,,75.0
30.0,8.7,7.2,117.0,,52.0
29.0,6.5,7.7,287.0,,114.0
28.0,8.6,7.5,130.0,,39.0
28.0,8.9,7.5,109.0,,33.0
30.0,9.8,8.4,246.0,,10.0
28.0,7.6,7.5,147.0,,30.0
29.0,8.7,7.6,202.0,,60.0
28.0,8.4,7.4,177.0,,48.0
29.0,8.7,7.6,203.0,,59.0
32.0,8.2,7.4,120.0,,46.0
32.0,8.0,7.2,110.0,,80.0
30.0,8.4,7.6,213.0,,20.0
29.0,9.4,7.8,174.0,,16.0
31.0,8.1,8.0,244.0,,73.0
29.0,8.1,8.0,162.0,,26.0
30.0,8.7,7.6,163.0,,24.0
29.0,8.7,7.6,143.0,,58.0
30.0,9.2,7.6,208.0,,30.0
29.0,8.3,7.7,158.0,,48.0
29.0,5.9,7.1,338.0,,522.0
30.0,4.3,7.4,269.0,,412.0
29.0,8.2,7.1,109.0,,12.0
28.0,11.1,7.6,131.0,,32.0
29.0,7.4,7.1,116.0,,55.0
28.0,8.2,7.6,112.0,,31.0
29.0,8.5,7.5,169.0,,41.0
28.0,11.4,7.2,128.0,,20.0
29.0,8.9,7.6,221.0,,30.0
30.0,9.3,7.6,193.0,,41.0
28.0,9.1,7.3,217.0,,67.0
28.0,7.9,7.3,131.0,,38.0
29.0,8.7,7.4,176.0,,36.0
30.0,8.1,7.3,199.0,,56.0
30.0,8.2,7.4,170.0,,39.0
25.0,7.7,7.2,95.0,22.0,50.0
25.0,7.6,7.2,92.0,20.0,45.0
25.0,9.9,7.2,65.0,21.0,55.0
24.0,7.6,7.4,93.0,276.0,408.0
22.0,5.5,2.9,568.0,18.0,33.0
16.0,7.6,7.0,42.0,11.0,27.0
17.0,7.7,7.1,45.0,9.0,22.0
23.0,8.3,7.0,59.0,16.0,33.0
25.0,6.9,2.6,1072.0,3.0,21.0
25.0,7.7,6.3,250.0,180.0,326.0
25.0,8.8,7.3,37.0,15.0,35.0
25.0,7.3,7.3,72.0,17.0,36.0
20.0,7.5,7.0,38.0,18.0,40.0
22.0,7.8,7.1,44.0,15.0,33.0
20.0,7.0,7.0,100.0,1967.0,2600.0
21.0,7.5,6.3,52.0,7.0,21.0
16.0,6.4,6.9,61.0,227.0,538.0
17.0,7.5,7.1,39.0,12.0,22.0
17.0,8.0,7.1,41.0,10.0,25.0
24.0,7.9,7.3,93.0,295.0,418.0
18.0,7.5,6.9,69.0,20.0,49.0
18.0,7.9,7.2,46.0,20.0,45.0
18.0,8.0,7.2,42.0,5.0,31.0
25.0,7.7,7.1,101.0,16.0,43.0
19.0,7.2,7.1,49.0,17.0,40.0
21.0,8.2,7.1,49.0,15.0,32.0
21.0,7.8,7.1,58.0,19.0,43.0
18.0,3.9,7.1,235.0,16500.0,23000.0
18.0,4.9,7.1,182.0,10417.0,15500.0
19.0,2.7,7.1,281.0,41000.0,62667.0
19.0,2.5,7.1,382.0,53083.0,87167.0
18.0,8.0,7.0,48.0,17.0,41.0
24.0,8.4,7.1,48.0,18.0,45.0
17.0,6.8,6.6,49.0,18.0,38.0
18.0,2.1,7.0,286.0,51250.0,84500.0
19.0,4.0,7.1,194.0,29500.0,45250.0
24.0,7.7,7.2,107.0,285.0,425.0
22.0,7.6,7.1,51.0,37.0,81.0
20.0,7.7,7.1,46.0,8.0,22.0
20.0,7.7,7.1,49.0,11.0,26.0
24.0,6.5,7.4,297.0,26.0,438.0
24.0,6.3,7.5,287.0,5.0,204.0
24.0,6.5,7.2,375.0,33.0,625.0
24.0,6.9,6.9,349.0,38.0,503.0
28.0,6.6,7.8,165.0,268.0,316.0
28.0,6.4,8.0,155.0,512.0,516.0
27.0,6.5,8.0,168.0,488.0,616.0
29.1,6.7,7.7,218.0,,
27.0,4.2,7.9,4909.0,,
28.1,4.6,8.0,23576.0,35.0,46.0
29.1,4.8,7.8,65700.0,,
27.7,6.7,8.5,235.0,,
27.1,6.7,8.3,262.0,,
27.1,6.8,7.8,227.0,,
27.3,6.8,8.5,249.0,,
27.0,4.2,8.2,2754.0,,
27.6,7.1,7.3,212.0,3.0,6.0
28.2,5.0,8.3,12771.0,7.0,30.0
28.0,6.7,8.0,304.0,1500.0,3550.0
28.5,5.8,7.7,1315.0,1900.0,6800.0
29.5,5.9,7.6,36593.0,1200.0,3200.0
27.0,7.6,7.7,1291.0,23.0,77.0
29.5,6.0,7.7,18865.0,900.0,2450.0
27.0,4.3,8.4,605.0,5.0,15.0
26.7,3.7,8.2,600.0,6.0,20.0
27.0,4.6,7.2,729.0,900.0,2300.0
26.8,6.2,8.4,2670.0,,
28.7,6.8,6.5,43.0,8.0,178.0
29.3,6.6,7.0,59.0,8.0,113.0
28.8,6.0,6.2,106.0,9.0,166.0
28.3,5.9,6.6,516.0,8.0,169.0
25.8,7.3,6.1,87.0,6.0,169.0
28.3,7.3,5.9,74.0,8.0,163.0
27.8,6.7,6.3,127.0,10.0,149.0
26.0,6.8,6.2,226.0,9.0,151.0
27.8,7.1,5.9,93.0,9.0,131.0
26.3,7.4,6.2,76.0,11.0,133.0
25.7,7.3,6.2,113.0,9.0,137.0
29.0,7.3,5.9,100.0,6.0,173.0
26.9,6.0,5.9,273.0,10.0,171.0
27.0,6.1,6.5,201.0,9.0,149.0
27.5,6.2,6.3,245.0,7.0,135.0
28.3,7.0,6.5,75.0,7.0,166.0
29.0,7.3,6.0,74.0,8.0,181.0
28.2,7.1,7.9,108.0,65.0,137.0
,7.1,7.7,111.0,,
27.4,7.0,8.0,129.0,40.0,105.0
27.3,7.0,8.0,130.0,33.0,93.0
28.5,5.7,7.4,2323.0,400.0,541.0
28.4,5.9,7.6,462.0,23.0,63.0
28.4,7.0,7.7,107.0,131.0,285.0
28.9,6.2,7.4,299.0,209.0,401.0
28.2,5.9,7.8,33259.0,114.0,228.0
28.9,7.2,7.9,77.0,164.0,282.0
27.0,3.2,7.4,28018.0,908.0,1164.0
27.9,6.8,7.8,350.0,2.0,72.0
26.8,6.9,7.5,133.0,252.0,409.0
27.2,6.9,7.5,143.0,149.0,307.0
26.8,6.1,6.9,609.0,65.0,135.0
26.9,6.8,7.4,129.0,51.0,133.0
26.8,6.7,7.4,130.0,45.0,124.0
26.9,6.6,7.4,130.0,67.0,158.0
26.9,6.7,7.5,120.0,85.0,226.0
26.2,7.1,7.9,139.0,74.0,147.0
27.4,6.0,7.4,13925.0,4.0,116.0
26.4,6.7,7.7,274.0,5.0,88.0
26.7,6.3,7.9,326.0,2.0,71.0
27.3,6.3,7.9,7392.0,4.0,71.0
27.4,6.3,7.7,12051.0,4.0,102.0
27.6,7.0,8.3,162.0,44.0,90.0
27.5,7.0,8.3,212.0,47.0,90.0
27.5,7.1,8.3,227.0,67.0,124.0
26.9,6.8,8.2,314.0,28.0,69.0
25.9,6.8,7.8,151.0,601.0,740.0
25.9,7.0,7.8,123.0,42.0,100.0
26.0,6.9,7.8,139.0,85.0,169.0
26.9,6.8,8.2,313.0,49.0,99.0
24.8,6.7,7.8,215.0,2.0,51.0
26.2,6.7,7.8,204.0,2.0,68.0
25.3,6.9,7.7,205.0,2.0,55.0
26.6,7.1,6.9,72.0,278.0,641.0
26.8,6.6,6.9,70.0,223.0,495.0
26.6,6.9,7.1,52.0,46.0,520.0
26.8,7.2,7.0,830.0,94.0,654.0
29.3,6.3,6.9,95.0,750.0,1325.0
25.4,7.2,7.4,164.0,1325.0,2225.0
25.5,6.9,7.5,231.0,1000.0,1725.0
26.6,6.5,6.9,101.0,468.0,1127.0
24.7,7.1,7.1,64.0,283.0,646.0
24.8,7.1,7.1,4600.0,229.0,538.0
28.0,7.5,7.2,52.0,285.0,900.0
27.4,2.0,6.8,265.0,1525.0,5425.0
26.0,5.6,7.0,12769.0,725.0,1650.0
27.4,7.1,7.0,90.0,338.0,625.0
26.5,6.1,7.0,248.0,500.0,1150.0
28.4,6.0,7.0,94.0,183.0,370.0
28.8,6.5,7.5,76.0,275.0,585.0
26.7,1.5,6.6,192.0,881.0,2978.0
26.4,2.0,6.8,79.0,456.0,1275.0
26.5,7.2,7.1,52.0,298.0,687.0
25.5,4.0,7.5,25964.0,945.0,1588.0
28.0,7.2,7.3,54.0,330.0,610.0
28.0,0.8,7.1,1239.0,4250.0,11000.0
27.9,6.4,6.5,58.0,255.0,960.0
28.1,6.3,6.8,77.0,73.0,208.0
28.6,5.4,6.6,80.0,335.0,775.0
25.3,5.8,7.8,666.0,993.0,1650.0
28.3,6.6,7.2,12768.0,88.0,1412.0
26.1,7.7,7.2,44.0,29.0,148.0
24.3,7.1,7.0,27.0,73.0,218.0
26.0,7.3,7.2,59.0,160.0,465.0
28.5,7.8,7.1,119.0,875.0,1725.0
26.6,7.3,7.1,54.0,415.0,913.0
26.8,7.0,6.6,104.0,500.0,1000.0
28.0,6.0,7.2,92.0,765.0,1390.0
26.2,6.8,6.6,48.0,1225.0,2025.0
28.5,5.6,7.1,20455.0,433.0,675.0
26.5,7.0,7.0,56.0,768.0,1725.0
29.3,6.7,6.9,2531.0,308.0,465.0
29.3,6.2,7.2,15362.0,830.0,1303.0
27.0,7.3,7.2,62.0,525.0,985.0
27.3,7.6,7.2,59.0,463.0,1163.0
27.9,6.4,6.8,83.0,175.0,575.0
27.8,7.0,6.6,50.0,295.0,578.0
27.8,6.7,6.8,76.0,310.0,625.0
28.3,6.7,6.6,64.0,428.0,838.0
27.5,5.6,6.9,943.0,655.0,1925.0
26.3,7.4,7.0,38.0,386.0,1196.0
27.0,6.7,6.9,43.0,1043.0,2750.0
27.4,7.1,7.3,48.0,595.0,1775.0
27.0,6.2,6.8,309.0,1129.0,2725.0
27.4,5.2,6.8,61.0,1123.0,2650.0
27.3,6.8,6.9,995.0,349.0,1258.0
27.0,6.8,6.9,52.0,39.0,198.0
27.8,6.2,6.6,44.0,715.0,1630.0
28.4,4.5,6.5,77.0,400.0,2675.0
28.8,4.0,7.0,19279.0,98.0,233.0
28.8,7.0,7.4,69.0,230.0,660.0
25.9,6.5,6.8,58.0,303.0,1026.0
28.0,4.6,6.9,98.0,168.0,348.0
28.5,6.6,7.3,12327.0,1326.0,2210.0
28.8,7.1,7.0,51.0,750.0,1700.0
27.6,6.2,7.5,371.0,3.0,528.0
27.6,6.2,7.7,316.0,3.0,312.0
28.3,7.3,7.1,241.0,100.0,185.0
27.5,7.7,7.4,121.0,378.0,1255.0
30.5,6.5,7.3,64.0,236.0,420.0
29.5,6.9,7.4,57.0,46.0,409.0
22.3,7.5,8.0,211.0,3005.0,6858.0
22.3,7.2,8.0,263.0,6625.0,14725.0
25.0,7.0,7.6,111.0,1081.0,2743.0
25.9,7.5,7.9,205.0,1615.0,3542.0
25.9,7.1,7.7,283.0,2882.0,6692.0
24.8,7.4,8.0,263.0,3113.0,6617.0
27.5,8.1,8.0,300.0,2272.0,4569.0
28.0,7.8,8.0,13103.0,277.0,739.0
25.0,7.4,8.0,207.0,1356.0,2872.0
25.8,7.2,8.0,198.0,677.0,1850.0
26.8,6.5,8.1,729.0,,
31.0,3.0,8.1,1086.0,,
32.0,6.9,8.2,10910.0,,
31.0,6.0,8.0,17990.0,,
28.0,4.8,7.7,48500.0,,
28.4,6.3,7.6,830.0,738.0,2020.0
24.0,7.4,7.6,104.0,,
,6.9,7.8,440.0,,
24.8,5.8,7.2,732.0,1089.0,4838.0
24.0,5.6,7.4,1322.0,16750.0,41500.0
25.0,5.4,7.3,809.0,4278.0,8975.0
23.3,5.7,7.3,1103.0,20250.0,52500.0
25.8,5.7,7.5,906.0,7863.0,17625.0
25.8,3.5,7.4,1064.0,8000.0,14500.0
25.8,3.2,7.6,1197.0,20250.0,40250.0
26.0,4.7,7.3,1383.0,14388.0,42875.0
26.0,4.8,7.4,1063.0,3138.0,8025.0
24.4,5.3,7.5,1532.0,27000.0,63500.0
23.4,5.6,7.5,1269.0,22000.0,60000.0
24.3,5.4,7.4,1194.0,10000.0,35000.0
17.7,6.1,6.8,780.0,,
17.0,6.1,6.8,773.0,,
17.3,6.0,7.0,820.0,,
28.0,4.8,7.9,650.0,6.0,62.0
32.0,5.0,7.3,390.0,4.0,20.0
21.4,8.3,7.6,334.0,9.0,16.0
22.3,8.2,7.7,316.0,11.0,20.0
18.3,3.1,7.8,1261.0,,
22.8,8.3,7.6,304.0,12.0,20.0
21.8,5.5,7.6,743.0,81.0,166.0
26.9,5.1,7.8,657.0,6.0,23.0
27.3,5.3,7.8,623.0,,
19.0,8.7,7.1,252.0,,10.0
26.0,5.1,7.2,17.0,,10.0
19.0,10.0,7.4,157.0,,5.0
21.8,5.9,7.0,164.0,,74.0
22.3,6.1,7.3,141.0,,63.0
22.3,5.6,7.1,427.0,,175.0
22.3,4.7,7.0,527.0,,42.0
23.0,5.5,8.6,116.0,,113.0
23.0,6.8,6.8,160.0,,23.0
23.0,7.0,7.4,47.0,,5.0
23.0,7.3,7.8,116.0,,10.0
22.0,5.5,7.3,179.0,,75.0
22.3,4.7,7.4,220.0,,140.0
27.0,4.9,7.0,180.0,,10.0
30.0,5.8,7.8,367.0,,95.0
23.0,5.8,7.4,249.0,,37.0
23.0,6.2,6.9,182.0,,8.0
22.7,5.5,7.7,356.0,,202.0
23.0,5.1,6.9,190.0,,33.0
23.5,5.2,7.1,164.0,,20.0
23.0,4.6,7.0,188.0,,18.0
23.5,5.6,6.6,165.0,,23.0
23.0,1.9,6.8,484.0,,1075.0
23.0,2.5,7.1,424.0,,682.0
22.5,5.5,6.9,118.0,,10.0
23.0,6.0,7.0,100.0,,10.0
22.5,4.9,6.9,93.0,,25.0
20.0,4.8,7.0,167.1,,
22.7,5.4,7.2,211.0,,78.0
26.0,6.0,7.5,231.0,,10.0
19.0,5.6,7.1,319.0,,15.0
22.5,5.7,6.9,261.0,,53.0
18.9,9.9,7.1,163.0,,35.0
21.0,6.1,7.6,163.0,,25.0
22.5,5.1,6.9,170.0,,10.0
23.0,3.8,7.0,192.0,,23.0
24.4,7.8,7.2,139.0,263.0,359.0
21.8,6.5,3.1,489.0,32.0,47.0
20.8,7.3,7.0,162.0,2085.0,2633.0
25.2,7.8,7.1,136.0,303.0,409.0
24.0,7.7,7.1,205.0,303.0,461.0
23.4,8.1,7.1,267.0,2.0,12.0
23.4,8.0,7.0,278.0,3.0,18.0
23.2,6.9,7.2,268.0,6.0,37.0
23.3,6.8,7.1,286.0,8.0,29.0
28.4,6.6,7.8,149.0,209.0,340.0
28.6,6.3,8.0,164.0,380.0,528.0
28.5,6.6,7.9,196.0,425.0,648.0
29.9,5.6,7.5,15608.0,5.0,5.0
29.9,3.7,7.5,39503.0,,
29.8,4.7,7.6,46170.0,,
30.2,5.8,7.8,378.0,,
29.7,6.6,7.7,489.0,350.0,350.0
30.1,6.6,7.4,492.0,,
30.3,6.2,7.8,359.0,4.0,
29.8,5.8,7.7,8757.0,4.0,4.0
26.0,5.1,8.1,533.0,3900.0,7500.0
27.0,7.1,8.0,555.0,7500.0,15000.0
27.0,6.8,8.2,26600.0,9000.0,23000.0
29.3,8.1,7.6,938.0,22.0,108.0
28.4,6.2,7.8,7778.0,2880.0,6581.0
32.0,,7.2,1440.0,80.0,330.0
28.3,3.2,7.7,885.0,3900.0,9575.0
29.3,6.6,6.5,58.0,0.0,53.0
28.8,6.6,6.6,145.0,4.0,98.0
29.0,6.3,6.6,55.0,8.0,140.0
28.8,6.4,6.4,188.0,15.0,153.0
27.3,6.9,6.2,61.0,7.0,117.0
28.3,7.2,6.1,62.0,8.0,123.0
29.0,6.9,6.6,154.0,17.0,173.0
27.6,7.0,6.3,742.0,8.0,139.0
28.8,7.6,6.2,62.0,12.0,160.0
28.3,7.1,6.2,69.0,7.0,141.0
27.8,6.8,6.0,93.0,9.0,136.0
28.5,7.1,6.2,89.0,6.0,119.0
28.1,6.3,6.2,110.0,8.0,157.0
29.0,6.2,7.0,77.0,11.0,173.0
29.5,6.2,6.8,67.0,8.0,145.0
30.2,6.9,6.5,62.0,10.0,107.0
28.3,6.7,6.2,62.0,8.0,187.0
28.7,6.8,7.9,119.0,286.0,517.0
26.0,7.0,7.7,88.0,8.0,17.0
,6.9,7.3,70.0,,
,7.4,7.2,77.0,,
24.0,7.0,7.4,3113.0,95.0,350.0
32.1,5.5,8.1,363.0,16.0,69.0
30.3,6.9,7.5,86.0,316.0,582.0
30.1,6.4,7.4,621.0,413.0,728.0
28.8,5.2,7.9,42354.0,126.0,253.0
28.7,6.9,7.4,73.0,482.0,659.0
29.0,3.4,7.4,17842.0,1767.0,1767.0
28.5,7.4,8.1,254.0,3.0,75.0
27.7,6.7,7.4,125.0,514.0,820.0
28.6,6.6,7.5,129.0,129.0,381.0
27.1,6.1,7.3,515.0,82.0,212.0
27.1,6.6,7.4,122.0,172.0,361.0
27.0,6.5,7.3,131.0,108.0,261.0
26.8,6.7,7.3,130.0,133.0,318.0
26.8,6.6,7.4,95.0,147.0,217.0
26.4,6.8,7.7,143.0,38.0,109.0
22.1,6.3,7.5,10825.0,5.0,101.0
22.3,7.1,7.4,185.0,4.0,80.0
22.0,6.7,7.5,1439.0,4.0,113.0
22.0,6.6,7.5,185.0,6.0,113.0
22.0,6.7,7.8,3521.0,3.0,90.0
28.2,7.1,7.7,193.0,41.0,92.0
28.2,7.1,7.9,175.0,31.0,86.0
28.3,7.1,7.8,174.0,33.0,83.0
,7.2,7.5,308.0,,
26.3,6.4,7.7,153.0,504.0,592.0
26.1,7.0,7.7,111.0,179.0,359.0
26.0,6.6,7.6,209.0,97.0,243.0
,7.5,8.2,296.0,,
27.6,6.9,7.5,119.0,2.0,71.0
27.6,6.8,7.7,116.0,3.0,74.0
27.3,7.0,7.7,118.0,3.0,64.0
27.4,5.2,6.6,453.0,644.0,4613.0
27.3,7.2,6.8,35.0,513.0,3483.0
26.0,7.0,7.1,62.0,385.0,617.0
26.2,7.0,7.1,5228.0,240.0,455.0
27.5,7.2,7.0,51.0,285.0,522.0
28.1,6.7,6.9,62.0,385.0,2193.0
28.2,6.5,6.5,118.0,610.0,3080.0
27.6,0.6,7.0,1787.0,8542.0,17500.0
28.0,6.6,6.8,49.0,448.0,913.0
24.3,6.8,7.3,67.0,598.0,935.0
25.8,7.3,7.4,104.0,245.0,430.0
27.8,6.5,6.7,39.0,562.0,4823.0
26.3,7.2,6.5,45.0,1225.0,1825.0
28.5,7.4,6.9,65.0,575.0,1455.0
29.3,6.5,6.5,60.0,420.0,900.0
27.6,6.6,6.9,57.0,319.0,650.0
28.1,7.1,7.0,84.0,985.0,1485.0
27.8,7.5,6.8,56.0,178.0,540.0
28.1,5.4,6.7,100.0,463.0,810.0
26.6,7.0,6.9,66.0,465.0,900.0
27.8,7.1,6.9,75.0,300.0,583.0
29.3,6.5,6.7,70.0,370.0,800.0
28.0,6.7,6.6,102.0,295.0,900.0
23.8,7.1,6.8,27.0,86.0,198.0
26.3,6.9,7.1,46.0,225.0,373.0
27.9,6.7,6.8,8291.0,108.0,250.0
28.4,6.2,7.0,12342.0,670.0,1600.0
27.1,7.5,7.3,53.0,1253.0,2225.0
28.5,7.6,7.3,62.0,1175.0,2180.0
28.1,2.2,6.4,625.0,1125.0,6505.0
26.4,7.4,6.7,55.0,281.0,1088.0
27.1,7.0,6.8,103.0,225.0,640.0
26.9,5.3,6.9,109.0,305.0,685.0
28.6,6.3,7.0,1392.0,230.0,535.0
27.9,6.7,7.0,71.0,208.0,433.0
28.4,6.0,6.4,57.0,193.0,303.0
29.0,4.2,6.6,93.0,253.0,385.0
28.8,5.1,6.7,88.0,405.0,713.0
27.8,5.3,6.4,4912.0,345.0,788.0
28.5,6.9,7.0,84.0,300.0,803.0
26.0,2.8,7.4,18256.0,1050.0,2300.0
26.5,5.3,7.2,9753.0,1600.0,2650.0
28.4,6.5,5.8,67.0,123.0,520.0
28.1,6.9,6.1,86.0,73.0,183.0
26.8,7.0,6.6,59.0,123.0,418.0
28.6,5.6,6.4,7904.0,165.0,278.0
28.1,6.8,6.0,55.0,590.0,910.0
29.0,6.0,5.9,105.0,73.0,195.0
28.8,6.3,7.0,2759.0,963.0,1400.0
28.0,6.5,7.6,312.0,3.0,354.0
27.4,6.4,7.7,203.0,3.0,357.0
28.8,7.3,7.3,308.0,116.0,185.0
30.8,6.8,7.8,23761.0,145.0,460.0
28.0,7.5,8.1,228.0,3390.0,5850.0
27.3,7.7,8.1,243.0,1930.0,4450.0
29.0,7.6,7.9,191.0,1188.0,1985.0
24.5,7.5,7.9,237.0,1225.0,2425.0
24.8,7.4,7.7,865.0,1300.0,2675.0
25.3,6.7,6.9,132.0,953.0,1823.0
26.8,7.1,7.9,211.0,1065.0,2098.0
29.0,6.7,7.9,182.0,735.0,1510.0
29.0,7.4,8.8,434.0,,
28.0,6.4,8.3,565.0,,
28.0,6.9,8.8,238.0,,
28.0,6.3,6.6,425.0,,
24.8,7.4,7.0,75.0,78.0,118.0
27.2,7.2,6.8,70.0,78.0,148.0
27.3,6.6,7.0,119.0,233.0,374.0
28.4,6.9,7.0,236.0,83.0,157.0
26.8,7.0,6.9,73.0,87.0,144.0
25.2,7.2,6.9,75.0,83.0,128.0
28.4,6.9,7.2,385.0,108.0,196.0
28.2,6.4,7.6,860.0,253.0,379.0
24.0,7.6,6.6,166.0,90.0,140.0
29.0,6.9,7.2,308.0,60.0,170.0
25.0,6.8,6.7,247.0,280.0,500.0
25.0,6.6,6.9,359.0,110.0,280.0
15.0,6.5,7.6,450.0,,
23.5,6.1,7.8,825.0,,
,6.5,8.4,240.0,,
15.0,6.9,7.8,480.0,,
20.3,5.6,6.7,807.0,1825.0,7500.0
20.0,4.9,6.8,1097.0,14000.0,46250.0
20.0,4.9,6.6,834.0,2875.0,9500.0
19.8,5.2,6.7,1027.0,17500.0,57500.0
32.7,3.3,7.9,897.0,5.0,12.0
34.5,4.9,8.0,510.0,4.0,8.0
19.8,5.0,6.9,1172.0,15500.0,48750.0
27.0,4.8,7.8,599.0,2200.0,5000.0
20.5,4.7,6.7,906.0,23500.0,47500.0
20.5,5.4,6.8,883.0,9500.0,21750.0
20.5,5.1,7.6,1069.0,20250.0,49250.0
21.0,4.2,7.6,1168.0,20000.0,46500.0
20.3,4.8,6.6,905.0,6000.0,10500.0
20.0,4.5,6.6,1269.0,21000.0,42750.0
20.0,4.7,6.7,1216.0,13250.0,31500.0
21.3,5.2,7.3,465.0,4.0,9.0
22.1,7.8,8.2,410.0,16.0,32.0
22.33,6.7,8.12,396.0,10.0,29.0
21.5,8.0,8.1,403.0,12.0,25.0
24.0,4.88,7.94,149.0,,165.0
22.0,5.67,7.02,153.0,,22.0
24.0,6.0,6.9,300.0,,91.0
23.0,6.15,7.45,234.0,,222.0
23.0,2.7,7.35,357.0,,636.0
24.0,2.98,7.52,422.0,,531.0
24.0,5.48,7.42,180.0,,136.0
23.0,5.13,7.46,162.0,,211.0
25.0,7.85,7.13,254.0,345.0,488.0
24.0,6.58,6.5,655.0,40.0,60.0
20.0,7.58,7.03,191.0,2350.0,2900.0
24.0,8.23,7.05,137.0,243.0,323.0
25.0,8.23,7.38,143.0,255.0,360.0
22.0,6.6,7.3,210.0,8.5,242.0
22.0,6.8,7.2,220.0,,97.0
23.0,6.8,7.0,317.0,8.0,45.0
23.0,6.4,6.7,323.0,19.0,205.0
28.0,6.5,7.7,146.0,302.0,390.0
28.0,6.2,7.7,176.0,532.0,592.0
29.0,6.3,8.0,198.0,524.0,686.0
28.0,7.3,7.4,332.0,6.0,12.0
29.0,6.5,7.5,21417.0,15.0,37.0
30.0,6.1,7.3,11855.0,180.0,902.0
30.0,6.3,7.4,24506.0,158.0,698.0
30.0,5.9,7.5,25343.0,180.0,1800.0
30.0,6.6,7.8,371.0,180.0,1800.0
30.0,6.2,7.4,368.0,265.0,1075.0
30.0,6.7,7.7,354.0,137.0,947.0
33.0,6.8,8.0,374.0,180.0,1800.0
30.0,5.9,7.4,7173.0,7.0,607.0
28.0,7.3,7.4,332.0,6.0,12.0
30.0,5.7,8.0,601.0,14600.0,28666.0
30.0,4.7,8.3,753.0,9166.0,21333.0
28.0,5.8,7.8,16177.0,10100.0,25000.0
30.0,2.5,7.5,1108.0,16.0,85.0
30.0,6.1,8.1,14921.0,4300.0,23625.0
30.0,0.6,7.1,3115.0,4450.0,15425.0
27.0,3.2,7.8,5073.0,833.0,1366.0
30.0,4.2,8.2,901.0,9750.0,21500.0
28.0,2.9,8.3,11405.0,49.0,148.0
29.0,5.0,7.7,47156.0,41.0,114.0
31.0,7.2,6.3,14100.0,13.0,17.0
29.0,5.5,7.8,401.0,2.0,5.0
30.0,6.2,6.9,11000.0,13.0,17.0
29.0,6.5,6.8,30190.0,5.0,8.0
24.0,8.1,7.7,7400.0,79.0,130.0
27.0,7.8,6.4,609.0,49.0,70.0
27.0,7.8,6.4,90.0,13.0,17.0
28.0,7.2,6.5,8240.0,17.0,46.0
27.0,4.2,7.6,5543.0,2.0,8.0
26.0,6.5,6.4,505.0,8.0,13.0
28.0,7.4,6.9,3844.0,5.0,10.0
28.0,5.4,7.0,7692.0,29.0,48.0
27.0,6.6,7.2,692.0,105.0,175.0
29.0,5.1,7.5,,1201.0,1754.0
29.0,7.3,6.8,20640.0,87.0,162.0
28.0,7.2,6.9,5350.0,134.0,206.0
28.0,7.0,6.8,4800.0,69.0,126.0
28.0,5.5,7.7,8092.0,410.0,800.0
29.0,6.9,7.6,136.0,143.0,309.0
29.0,6.9,7.7,120.0,207.0,280.0
28.0,6.7,8.0,111.0,45.0,143.0
26.0,6.9,7.3,229.0,108.0,257.0
29.0,6.8,7.5,171.0,88.0,199.0
29.0,6.9,7.3,183.0,2.0,56.0
34.0,3.3,7.6,29464.0,1195.0,1536.0
32.0,5.4,7.2,925.0,279.0,512.0
22.0,6.2,7.2,13848.0,6.0,127.0
26.0,7.0,7.4,225.0,152.0,375.0
35.0,6.6,8.1,102.0,165.0,345.0
28.0,8.1,6.3,1414.0,100.0,690.0
27.0,6.9,6.8,41.0,261.0,1487.0
27.0,6.9,6.9,78.0,393.0,703.0
26.0,6.7,6.9,5507.0,433.0,715.0
27.0,7.3,7.0,49.0,228.0,445.0
28.0,6.7,6.7,67.0,309.0,1025.0
29.0,6.5,6.6,109.0,142.0,679.0
26.0,0.7,6.6,4235.0,40833.0,59417.0
27.0,6.9,6.5,108.0,540.0,1083.0
28.0,6.4,6.6,48.0,154.0,603.0
26.0,7.2,6.7,109.0,1000.0,1400.0
29.0,6.8,7.1,61.0,130.0,485.0
28.0,6.1,6.7,244.0,655.0,1113.0
27.0,6.8,7.0,62.0,240.0,434.0
28.0,7.1,7.0,59.0,540.0,890.0
27.0,7.4,6.6,64.0,288.0,1425.0
26.0,6.4,7.0,79.0,271.0,493.0
26.0,7.2,6.7,73.0,335.0,2150.0
27.0,6.2,7.0,83.0,282.0,505.0
29.0,6.1,6.7,55.0,825.0,1450.0
28.0,6.6,6.5,79.0,195.0,650.0
26.0,6.9,6.7,198.0,40.0,180.0
27.0,7.3,6.5,44.0,233.0,400.0
28.0,6.2,6.6,15738.0,233.0,360.0
29.0,5.2,7.1,18459.0,518.0,918.0
28.0,7.4,7.0,45.0,1043.0,1933.0
28.0,7.6,6.7,52.0,613.0,963.0
28.0,2.9,6.3,841.0,430.0,913.0
26.0,6.6,6.7,72.0,463.0,1655.0
26.0,6.4,6.7,122.0,343.0,1630.0
26.0,5.4,6.6,102.0,240.0,1913.0
27.0,6.2,7.0,5656.0,162.0,289.0
27.0,6.9,7.1,71.0,125.0,246.0
28.0,6.7,6.5,55.0,265.0,500.0
28.0,5.7,6.7,127.0,221.0,473.0
28.0,6.0,6.9,77.0,290.0,500.0
28.0,5.2,6.1,4968.0,235.0,820.0
28.0,7.4,6.4,78.0,280.0,720.0
27.0,3.5,7.3,20430.0,560.0,1290.0
27.0,6.0,7.1,13257.0,750.0,1465.0
28.0,6.4,6.1,62.0,213.0,425.0
27.0,6.6,6.3,59.0,248.0,385.0
27.0,7.1,6.4,59.0,178.0,275.0
28.0,6.4,7.1,7035.0,110.0,195.0
28.0,7.3,6.2,51.0,195.0,340.0
29.0,6.8,6.5,80.0,53.0,100.0
28.0,6.4,6.7,3131.0,820.0,1055.0
27.0,5.8,6.5,59.0,1800.0,2788.0
28.0,5.2,7.2,19885.0,843.0,2275.0
27.0,7.7,6.8,67.0,1740.0,2257.0
28.0,5.7,7.2,19085.0,1845.0,2785.0
25.0,6.7,6.3,177.0,1583.0,2807.0
28.0,6.4,6.4,4165.0,168.0,303.0
27.0,6.2,7.6,498.0,613.0,1400.0
27.0,6.8,7.5,119.0,478.0,918.0
27.0,7.1,7.6,161.0,710.0,1675.0
28.0,5.9,6.7,70.0,74.0,428.0
28.0,5.8,6.5,864.0,199.0,876.0
29.0,4.7,6.6,69.0,234.0,1083.0
28.0,6.5,6.6,1204.0,175.0,689.0
28.0,1.4,6.2,129.0,351.0,882.0
28.0,1.5,6.3,73.0,298.0,1225.0
28.0,7.0,7.5,226.0,3.0,83.0
30.0,7.7,8.1,330.0,1675.0,3025.0
30.0,7.5,7.9,20786.0,613.0,868.0
28.0,7.2,8.2,315.0,2600.0,4275.0
28.0,7.6,8.1,301.0,2360.0,4175.0
28.0,7.3,8.0,225.0,1295.0,2175.0
27.0,7.4,8.0,238.0,2950.0,5975.0
27.0,7.2,7.7,835.0,1550.0,2750.0
29.0,7.2,7.8,169.0,328.0,690.0
28.0,7.0,8.1,240.0,785.0,1525.0
29.0,7.4,8.1,153.0,505.0,1105.0
33.0,7.7,7.8,220.0,,
33.0,7.1,7.6,406.0,,
33.0,6.8,7.4,309.0,,
28.0,5.1,8.4,4120.0,,
21.0,7.6,7.9,446.0,,
24.0,7.4,6.8,337.0,115.0,208.0
28.0,7.5,6.7,180.0,100.0,176.0
28.0,6.9,6.8,127.0,222.0,357.0
30.0,7.0,7.0,305.0,113.0,191.0
27.0,7.2,6.7,323.0,94.0,167.0
26.0,7.4,6.7,364.0,91.0,150.0
29.0,7.5,7.2,473.0,220.0,338.0
26.0,6.7,7.4,544.0,158.0,253.0
27.0,7.0,7.2,286.0,85.0,189.0
28.0,6.4,7.0,307.0,457.0,507.0
29.0,6.6,7.1,250.0,74.0,544.0
28.0,6.5,7.9,566.0,3.0,32.0
22.0,6.0,7.3,755.0,1000.0,4950.0
21.0,4.9,7.4,892.0,8000.0,75000.0
22.0,6.4,7.1,1085.0,,
20.0,5.6,8.1,905.0,,
22.0,5.0,6.7,813.0,1300.0,9000.0
21.0,5.6,7.3,964.0,8000.0,70000.0
20.0,5.7,7.4,968.0,5000.0,25500.0
21.0,5.3,7.4,779.0,7000.0,52500.0
21.0,4.8,7.4,825.0,9500.0,75000.0
23.0,2.9,7.3,1035.0,3050.0,27500.0
21.0,4.5,7.2,885.0,1100.0,12000.0
20.0,4.8,7.5,896.0,7000.0,70000.0
24.0,3.1,7.6,1130.0,9000.0,75000.0
25.0,3.1,7.6,1000.0,6000.0,62500.0
28.0,1.9,8.4,2187.0,,
28.0,7.0,7.8,350.0,,
16.0,7.2,6.2,930.0,,
22.0,5.475,7.82,721.5,87.25,249.0
23.0,4.8,7.3,260.0,3.0,7.0
23.0,7.6,7.5,307.0,,153.0
23.0,8.4,7.4,106.0,,36.0
23.0,9.0,7.8,221.0,,77.0
25.0,8.7,7.4,318.0,,132.0
25.0,1.9,7.3,537.0,,525.0
25.0,7.7,7.3,550.0,,603.0
25.0,7.9,7.6,185.0,,115.0
26.0,8.0,7.6,202.0,,85.0
25.0,7.4,7.6,214.0,,148.0
23.0,8.3,7.7,185.0,,75.0
18.0,9.6,7.1,225.0,310.0,460.0
19.0,8.8,7.2,131.0,,205.0
24.0,7.4,7.8,272.0,8.0,295.0
24.0,7.5,7.8,327.0,0.0,56.0
26.0,8.1,7.8,365.0,13.0,33.0
26.0,7.9,7.5,350.0,41.0,90.0
28.0,6.6,7.7,143.0,201.0,322.0
29.0,6.3,7.6,164.0,442.0,577.0
28.0,5.7,7.8,170.0,469.0,608.0
21.0,6.4,7.025,187.63,2225.0,2925.0
25.0,8.35,7.125,110.75,252.5,355.0
24.0,8.45,6.95,104.25,222.5,312.5
,,7.6,281.0,,
25.0,7.2,7.8,262.0,19.0,50.0
25.0,4.9,7.4,10362.0,14.0,29.0
27.0,5.1,7.8,530.0,64125.0,137000.0
28.0,6.0,8.2,612.0,28650.0,68650.0
30.0,6.1,8.1,8782.0,16100.0,38667.0
27.0,1.1,7.8,1076.0,28.0,77.0
29.0,6.8,8.0,3431.0,32120.0,49061.0
25.0,4.5,7.6,1161.0,99.0,259.0
25.0,6.0,7.3,8838.0,14.0,31.0
30.0,0.0,7.1,3080.0,3000.0,9000.0
28.0,2.8,7.9,663.0,150250.0,358000.0
29.0,5.6,8.0,1265.0,503.0,1693.0
28.0,4.1,7.9,4491.0,58.0,116.0
29.0,6.3,7.9,43983.0,105.0,188.0
30.0,6.6,7.8,37.0,10.0,13.0
28.0,6.8,7.1,11.0,22.0,33.0
27.0,6.5,7.5,28.0,20.0,44.0
28.0,7.1,8.0,49.0,3.0,7.0
26.0,7.6,7.3,93.0,240.0,350.0
26.0,7.4,7.0,67.0,467.0,809.0
27.0,7.0,7.3,89.0,30.0,42.0
29.0,5.4,7.3,75.0,350.0,2400.0
28.0,6.7,7.2,95.0,18.0,22.0
28.0,6.8,6.9,58.0,25.0,53.0
25.0,5.6,6.8,67.0,82.0,137.0
28.0,5.2,7.2,29.0,37.0,144.0
26.0,6.2,7.1,146.0,920.0,2400.0
31.0,3.6,7.0,29.0,33.0,170.0
30.0,6.8,7.2,1370.0,33.0,110.0
28.0,8.1,7.1,335.0,1300.0,5400.0
26.0,6.3,7.6,119.0,157.0,781.0
27.0,6.4,7.6,109.0,95.0,316.0
27.0,5.9,7.2,119.0,133.0,223.0
25.0,5.3,7.7,109.0,165.0,296.0
26.0,6.0,7.8,301.0,166.0,1050.0
22.0,6.6,7.2,131.0,285.0,737.0
22.0,6.8,7.2,110.0,480.0,1036.0
27.0,6.7,7.6,109.0,260.0,624.0
29.0,5.2,7.0,478.0,500.0,1008.0
21.0,6.9,6.6,291.0,4.0,104.0
32.0,0.7,7.3,12697.0,642.0,1259.0
23.0,6.8,6.6,6232.0,6.0,106.0
29.0,6.2,6.5,1638.0,349.0,816.0
28.0,7.3,6.6,36.0,304.0,1056.0
28.0,6.4,6.7,41.0,443.0,1179.0
28.0,5.1,6.8,52.0,555.0,1680.0
28.0,6.8,6.7,183.0,358.0,1748.0
27.0,6.3,6.3,115.0,455.0,2865.0
28.0,7.2,6.7,455.0,245.0,753.0
27.0,6.8,6.9,80.0,207.0,508.0
27.0,6.8,7.0,4515.0,184.0,427.0
29.0,7.7,7.2,47.0,253.0,452.0
29.0,7.1,6.8,57.0,230.0,681.0
29.0,6.6,6.3,148.0,190.0,935.0
26.0,1.8,6.8,2012.0,20458.0,31167.0
26.0,6.7,6.2,40.0,425.0,1100.0
26.0,5.8,6.3,65.0,525.0,1200.0
26.0,5.1,6.3,50.0,700.0,1600.0
26.0,6.6,6.2,42.0,475.0,925.0
27.0,6.6,6.4,43.0,400.0,975.0
27.0,6.7,6.4,50.0,500.0,1175.0
26.0,6.6,6.3,46.0,624.0,1010.0
27.0,5.9,6.4,54.0,375.0,985.0
27.0,7.6,6.7,55.0,295.0,1575.0
27.0,6.5,6.7,72.0,30.0,775.0
29.0,7.3,7.4,71.0,490.0,940.0
27.0,6.3,6.7,79.0,190.0,702.0
26.0,6.9,6.6,33.0,0.0,28.0
27.0,6.8,6.7,46.0,30.0,150.0
29.0,5.9,7.1,6666.0,118.0,393.0
28.0,6.4,7.1,17771.0,760.0,1865.0
28.0,7.3,6.7,62.0,293.0,920.0
28.0,7.6,6.6,61.0,85.0,503.0
30.0,2.4,6.7,221.0,220.0,660.0
27.0,7.1,6.8,89.0,620.0,1600.0
27.0,6.4,6.7,110.0,1400.0,3200.0
27.0,3.5,6.9,105.0,265.0,800.0
28.0,7.4,7.3,155.0,570.0,920.0
28.0,6.8,6.9,77.0,215.0,470.0
27.0,5.5,6.5,75.0,1300.0,2100.0
31.0,5.4,6.5,102.0,320.0,680.0
30.0,4.8,6.8,90.0,730.0,1090.0
28.0,5.8,6.3,87.0,633.0,1500.0
27.0,7.3,6.6,57.0,297.0,883.0
28.0,5.8,7.5,18291.0,435.0,1000.0
28.0,6.2,6.7,2497.0,510.0,1100.0
27.0,7.3,6.1,45.0,150.0,1050.0
27.0,7.6,6.3,39.0,1040.0,2588.0
25.0,7.7,6.6,31.0,490.0,1300.0
28.0,5.4,5.9,595.0,570.0,1375.0
28.0,7.4,6.1,30.0,690.0,1050.0
28.0,6.6,5.9,37.0,540.0,1725.0
28.0,6.5,6.5,1135.0,850.0,1850.0
27.0,7.2,5.9,39.0,440.0,1500.0
29.0,6.3,6.5,925.0,830.0,1550.0
27.0,7.6,6.6,50.0,1660.0,3000.0
27.0,7.3,6.5,64.0,1280.0,2850.0
27.0,7.5,7.0,74.0,1400.0,2800.0
26.0,4.4,7.3,428.0,285.0,1090.0
27.0,6.8,7.0,169.0,255.0,560.0
29.0,1.7,6.2,181.0,672.0,2208.0
29.0,3.0,6.1,80.0,268.0,1240.0
28.0,6.9,7.8,469.0,152.0,5874.0
32.0,7.7,8.1,266.0,1950.0,3175.0
32.0,6.8,7.8,16468.0,440.0,775.0
28.0,7.5,8.2,233.0,2600.0,4300.0
26.0,7.6,8.1,233.0,2025.0,3200.0
26.0,7.0,7.6,593.0,,
25.0,7.6,6.6,118.0,70.0,180.0
27.0,6.8,6.6,179.0,118.0,253.0
28.0,6.8,6.7,172.0,263.0,402.0
28.0,6.9,7.1,260.0,110.0,200.0
27.0,7.3,6.6,94.0,73.0,150.0
26.0,7.4,6.7,88.0,89.0,173.0
28.0,7.2,7.2,439.0,236.0,415.0
27.0,6.8,7.6,749.0,424.0,699.0
26.0,6.9,7.3,252.0,322.0,858.0
29.0,7.0,7.3,46.0,49.0,707.0
31.0,7.0,7.3,40.0,12.0,81.0
30.0,7.7,8.1,195.0,0.0,10.0
23.0,8.0,8.2,572.0,12.0,26.0
24.0,3.8,7.8,1424.0,,
23.0,4.9,7.8,704.0,57.0,375.0
20.0,5.9,7.2,703.0,1950.0,21000.0
21.0,5.3,7.4,1095.0,48000.0,217500.0
30.0,6.7,6.9,1094.0,,
30.0,6.2,7.0,1312.0,,
21.0,5.7,7.3,732.0,5450.0,45500.0
21.0,5.0,7.2,983.0,32250.0,135000.0
20.0,5.0,7.3,748.0,12500.0,90000.0
20.0,5.1,7.2,760.0,22000.0,122500.0
21.0,4.5,7.2,856.0,34000.0,232500.0
21.0,4.4,7.2,1184.0,17250.0,70000.0
20.0,4.5,7.4,1186.0,13000.0,78333.0
21.0,5.2,7.5,1036.0,28750.0,155000.0
21.0,5.5,7.6,973.0,130500.0,392500.0
21.0,5.6,7.6,951.0,22500.0,712500.0
25.0,6.4,7.9,378.0,,
31.0,6.8,7.0,970.0,,
21.0,5.4,7.8,438.0,3.0,6.0
27.0,7.9,6.7,120.0,,135.0
26.0,6.2,7.3,135.0,,113.0
27.0,8.2,7.6,176.0,,135.0
28.0,6.6,7.4,112.0,,91.0
26.0,7.9,7.8,196.0,,73.0
29.0,9.0,8.0,269.0,,155.0
28.0,,8.0,698.0,,
30.0,9.6,7.6,633.0,,30.0
27.0,3.2,6.8,389.0,,633.0
28.0,5.5,7.5,375.0,,383.0
19.0,5.0,3.2,630.0,27.0,33.0
26.0,7.0,7.8,122.0,,3.0
26.0,7.2,7.8,130.0,,3.0
25.0,6.6,8.0,151.0,,6.0
25.0,6.7,7.9,188.0,,8.0
28.0,6.1,7.7,120.0,264.0,350.0
29.0,5.4,7.3,141.0,285.0,510.0
28.0,5.8,7.8,161.0,518.0,588.0
,,7.6,253.0,,
25.0,7.0,7.7,448.0,17.0,42.0
25.0,4.8,7.5,20360.0,23.0,65.0
27.0,4.9,7.7,904.0,13950.0,32750.0
28.0,6.4,8.0,477.0,12325.0,22825.0
29.0,6.7,7.9,14111.0,10725.0,21000.0
28.0,5.7,7.6,868.0,5.0,57.0
30.0,6.2,8.0,899.0,10275.0,16500.0
26.0,4.8,7.6,14426.0,32.0,148.0
27.0,6.2,7.4,29920.0,14.0,41.0
27.0,,7.5,5414.0,3.0,14.0
27.0,4.2,7.8,589.0,23575.0,50250.0
30.0,6.8,7.5,2870.0,582.0,1114.0
29.0,6.5,6.9,1690.0,555.0,1331.0
29.0,6.5,7.1,3110.0,1243.0,2056.0
29.0,6.4,7.7,44000.0,814.0,1287.0
27.0,7.2,7.2,70.0,1554.0,2887.0
28.0,7.2,6.8,60.0,5778.0,10403.0
28.0,7.4,7.1,80.0,475.0,1010.0
28.0,7.2,6.9,80.0,1009.0,1938.0
29.0,7.4,7.0,66.0,700.0,1451.0
28.0,6.3,6.6,66.0,1427.0,3293.0
26.0,6.4,7.3,103.0,126.0,753.0
27.0,6.7,7.4,103.0,64.0,644.0
28.0,6.6,7.5,97.0,16.0,169.0
28.0,5.7,7.2,531.0,116.0,456.0
25.0,6.4,7.1,113.0,60.0,400.0
25.0,6.6,7.2,88.0,228.0,1146.0
22.0,6.2,7.3,117.0,169.0,638.0
28.0,5.5,6.6,1314.0,290.0,668.0
27.0,7.5,6.8,32.0,200.0,738.0
28.0,6.7,6.8,42.0,230.0,804.0
28.0,6.9,6.7,73.0,688.0,1242.0
28.0,6.8,6.9,7920.0,391.0,813.0
29.0,7.4,7.2,49.0,327.0,641.0
28.0,7.2,6.8,58.0,173.0,556.0
29.0,6.8,6.6,115.0,148.0,635.0
28.0,0.8,6.8,2156.0,14825.0,20733.0
26.0,7.1,6.1,34.0,1300.0,1975.0
26.0,5.9,6.2,52.0,1100.0,1775.0
26.0,5.1,6.2,55.0,1275.0,2000.0
26.0,6.7,6.2,43.0,1325.0,2100.0
26.0,5.8,6.2,34.0,975.0,1625.0
26.0,6.4,6.2,39.0,1375.0,1900.0
26.0,6.6,6.3,41.0,1033.0,1442.0
26.0,5.4,6.2,47.0,1250.0,1825.0
28.0,6.7,6.7,80.0,1655.0,3050.0
27.0,6.4,7.0,112.0,3850.0,5725.0
29.0,6.3,7.1,83.0,643.0,1080.0
28.0,6.2,6.5,95.0,1075.0,2550.0
28.0,6.9,6.4,41.0,83.0,285.0
27.0,6.8,6.5,51.0,98.0,435.0
28.0,6.6,6.9,11654.0,338.0,963.0
28.0,7.0,7.2,11962.0,68.0,550.0
28.0,7.5,6.9,52.0,138.0,685.0
28.0,7.4,6.8,68.0,160.0,725.0
29.0,2.8,6.6,1239.0,263.0,645.0
28.0,6.2,7.6,380.0,1318.0,24583.0
30.0,7.9,7.9,382.0,993.0,2700.0
28.0,8.1,8.0,21030.0,146.0,463.0
30.0,7.2,7.7,244.0,980.0,1793.0
32.0,6.7,7.6,231.0,1460.0,3133.0
29.0,7.0,8.1,637.0,,
26.0,7.5,6.5,65.0,108.0,319.0
28.0,6.8,6.5,88.0,111.0,233.0
29.0,6.8,6.5,128.0,295.0,507.0
32.0,7.8,7.2,250.0,128.0,249.0
28.0,7.2,6.4,71.0,67.0,165.0
27.0,7.4,6.5,71.0,98.0,189.0
31.0,7.6,7.1,428.0,226.0,443.0
28.0,6.8,7.2,856.0,213.0,348.0
27.0,7.3,7.3,152.0,333.0,998.0
28.0,6.9,7.2,58.0,14.0,55.0
29.0,7.0,7.2,56.0,4.0,16.5
22.0,7.9,7.9,385.0,11.0,24.0
18.0,3.9,7.9,2422.0,,
24.0,4.9,7.6,972.0,328.0,718.0
20.0,7.4,7.5,413.0,1663.0,10775.0
21.0,6.1,7.8,632.0,37250.0,162500.0
24.0,4.9,8.1,852.0,,
26.0,4.5,8.3,996.0,,
21.0,6.7,7.6,425.0,22250.0,78750.0
21.0,6.3,7.7,619.0,28250.0,125000.0
22.0,6.4,7.7,439.0,60275.0,440750.0
22.0,6.5,7.7,686.0,19750.0,105000.0
21.0,6.4,7.8,754.0,56500.0,227500.0
22.0,6.3,7.7,615.0,34500.0,622500.0
21.0,6.2,7.6,457.0,8633.0,49000.0
21.0,6.0,7.8,690.0,16250.0,117500.0
21.0,5.9,7.8,692.0,94000.0,222500.0
21.0,5.9,7.7,699.0,60500.0,967500.0
22.0,6.5,8.2,1315.0,,
25.0,6.6,8.2,895.0,,
29.0,,7.2,,,
30.0,,7.4,,,
29.0,1.0,7.3,,,
19.0,5.6,7.4,168.0,5.0,16.0
25.0,6.7,7.9,135.0,,3.0
25.0,6.5,7.9,195.0,,3.0
24.0,7.3,7.8,219.0,,
24.0,7.7,7.9,227.0,,15.0
23.0,6.2,7.0,132.0,,102.0
23.0,6.4,7.4,137.0,,58.0
23.0,6.4,7.6,200.0,,36.0
23.0,7.0,7.6,210.0,100.0,137.0
23.0,3.6,7.2,249.0,,383.0
23.0,3.7,7.5,224.0,,394.0
24.0,7.1,7.3,156.0,,89.0
23.0,7.1,7.2,127.0,,60.0
22.0,5.8,7.6,258.0,,118.0
24.0,8.4,7.9,383.0,,180.0
20.0,8.1,7.2,221.0,213.0,373.0
18.0,6.1,3.1,738.0,32.0,45.0
16.0,8.0,7.0,164.0,1600.0,2067.0
19.0,5.4,7.2,153.0,213.0,278.0
18.0,7.0,7.0,161.0,250.0,375.0
27.0,5.2,7.4,120.0,203.0,280.0
27.0,4.7,7.4,139.0,308.0,440.0
27.0,5.4,7.4,128.0,353.0,565.0
23.0,6.9,7.2,233.0,,119.0
,,7.61,168.2,,
25.0,7.102,7.945,307.5,26.0,50.0
25.5,3.487,7.015,25950.0,378.0,1400.0
22.0,5.35,7.935,735.0,27650.0,15000.0
25.5,7.05,7.995,535.0,13400.0,33500.0
29.667,6.5,8.14,16410.0,9200.0,2400.0
25.5,,7.885,896.5,3.0,10.0
29.0,5.6,8.173,3660.0,4500.0,6867.0
26.5,6.085,7.695,933.0,450.0,1550.0
26.5,6.055,7.605,6715.0,45.0,140.0
28.0,,7.215,15580.0,7.0,8.0
27.0,7.93,8.32,2160.0,4.0,5.0
25.667,4.9,7.943,504.7,1810.0,2367.0
27.75,6.625,7.725,149.3,2.0,60.0
27.75,5.175,6.95,464.0,75.0,255.0
30.0,6.4,7.45,142.8,1787.0,4073.0
28.25,6.2,7.9,218.0,,85.0
26.667,7.4,6.733,344.3,33.0,160.0
28.75,7.6,6.775,213.3,133.0,3275.0
28.0,7.35,7.1,214.8,41.0,285.0
28.25,7.675,6.875,103.3,18.0,96.0
27.25,7.125,7.55,418.3,18.0,106.0
28.5,7.0,6.725,497.3,1956.0,5425.0
27.714,6.543,7.229,130.4,8.0,187.0
28.714,6.7,7.307,121.5,9.0,162.0
28.667,7.1,7.507,102.5,10.0,152.0
26.667,6.333,7.277,542.0,15.0,207.0
26.714,6.471,7.379,204.3,10.0,174.0
28.286,6.371,7.061,214.0,18.0,292.0
19.333,6.7,7.44,153.3,23.0,305.0
29.083,6.2,6.457,881.1,253.0,541.0
27.417,7.286,6.586,82.9,222.0,470.0
27.286,6.525,6.5,124.1,334.0,844.0
28.6,6.917,6.95,185.4,165.0,433.0
28.667,6.8,7.043,8489.9,238.0,473.0
27.786,7.075,7.25,107.3,238.0,384.0
28.143,7.013,6.712,151.4,262.0,485.0
27.5,6.787,6.65,119.3,294.0,574.0
28.571,4.1,6.775,511.4,2150.0,3100.0
27.0,6.9,6.8,224.0,2000.0,2500.0
26.5,6.867,6.833,292.7,1900.0,2400.0
26.25,6.467,6.6,240.0,2100.0,2733.0
26.75,6.667,6.933,268.0,2333.0,3300.0
26.75,6.967,6.933,268.0,1600.0,2233.0
26.5,6.733,6.867,324.0,1973.0,2233.0
27.0,6.714,6.957,143.4,1457.0,2171.0
26.75,6.733,6.733,242.7,1867.0,2833.0
28.0,7.233,6.867,75.7,1600.0,2300.0
27.0,6.233,6.9,104.7,1300.0,2233.0
28.5,6.867,7.067,336.7,60.0,455.0
28.5,6.433,6.667,339.3,440.0,967.0
29.0,7.033,6.533,141.3,193.0,740.0
28.75,6.633,7.067,237.0,337.0,800.0
28.0,6.833,7.0,18389.0,173.0,583.0
29.5,6.333,7.167,24535.7,140.0,447.0
28.0,7.033,7.033,241.0,345.0,1260.0
28.5,7.0,7.133,302.0,323.0,933.0
29.0,3.5,6.567,1285.3,220.0,443.0
28.857,6.243,7.253,405.6,3333.0,21469.0
21.0,6.9,8.2,211.0,1400.0,2200.0
24.0,7.8,8.5,197.0,1700.0,3500.0
33.0,7.3,8.6,528.0,,
27.5,7.95,6.565,188.5,24.0,66.0
29.0,5.8,6.6,107.0,25.0,58.0
31.25,6.975,6.725,144.3,34.0,98.0
,5.35,7.19,216.3,11.0,31.0
30.0,7.525,6.61,93.3,10.0,26.0
29.0,7.15,6.56,141.0,22.0,73.0
,4.325,7.045,547.0,25.0,109.0
27.5,6.925,7.633,552.0,325.0,570.0
27.25,6.825,7.125,299.3,316.0,771.0
26.667,6.7,7.267,92.7,6.0,41.0
26.333,6.75,7.3,169.3,29.0,47.0
21.25,5.87,7.84,895.5,,
17.667,6.033,7.367,323.3,2390.0,6867.0
16.5,5.1,7.85,785.0,3050.0,36500.0
18.0,4.867,7.367,568.0,3500.0,27667.0
17.333,4.833,7.533,760.0,2300.0,30000.0
17.5,5.1,7.367,388.0,2723.0,43067.0
15.0,6.8,7.3,433.5,635.0,9250.0
17.5,4.2,7.367,758.0,34033.0,83667.0
18.0,5.533,7.3,453.3,35760.0,88333.0
17.5,5.2,7.3,391.3,23723.0,54067.0
18.0,4.2,7.733,825.3,10500.0,76667.0
18.333,4.033,7.667,855.0,17433.0,148667.0
18.667,4.133,7.633,811.3,38700.0,110333.0
18.0,5.35,7.55,682.5,,
19.0,4.05,7.85,773.5,,
17.5,6.25,7.9,770.0,,
18.5,6.65,7.875,914.5,9650.0,16900.0
19.5,7.2,9.01,340.5,12.0,23.0
22.0,6.27,7.89,3638.0,,
20.0,6.1,7.1,,4.0,14.0
26.0,0.6,7.3,646.0,,
27.0,,7.9,1151.0,,
27.0,,7.1,912.0,,
16.0,7.2,7.0,183.0,140.0,180.0
15.0,4.6,3.0,350.0,33.0,49.0
10.0,8.8,7.0,172.0,1800.0,2800.0
11.0,10.0,7.1,150.0,240.0,350.0
12.0,9.0,7.3,158.0,220.0,280.0
23.667,7.767,7.543,,,
23.7,7.167,8.143,,,
23.767,8.533,7.857,170.0,,
23.667,8.867,7.793,216.0,,
28.0,5.6,7.65,375.2,2636.0,18417.0
,,7.76,233.3,,
,,,,1200.0,37000.0
,,,,1200000.0,6400000.0
26.0,7.2,7.84,342.8,78.0,230.0
27.0,5.0,7.22,18370.3,9625.0,13525.0
29.0,6.2,8.11,480.0,14050.0,18810.0
27.0,7.2,8.07,580.0,150.0,280.0
28.0,6.2,7.98,11125.0,7147.0,50350.0
28.0,3.9,7.92,1039.0,6.0,36.0
29.0,7.2,7.42,246.9,10011.0,118311.0
28.0,6.9,6.44,302.9,12.0,116.0
29.0,7.8,6.69,255.9,13.0,140.0
29.0,6.7,7.35,346.1,13.0,148.0
28.0,8.3,6.68,348.9,13.0,155.0
28.0,8.1,6.18,187.4,12.0,155.0
29.0,7.7,6.55,121.8,13.0,164.0
29.0,8.6,6.56,181.4,24.0,155.0
28.0,7.7,6.45,302.5,10.0,142.0
28.0,7.4,6.07,142.8,12.0,140.0
,7.0,8.16,4545.0,9593.0,27550.0
,5.9,7.36,761.0,1200.0,4600.0
27.0,4.1,7.57,29369.3,1035.0,1993.0
27.0,3.9,5.27,5914.0,3.0,10.0
,5.7,7.62,665.0,1050.0,6000.0
,6.1,8.0,602.5,38143.0,38428.0
14.0,6.2,7.88,540.7,,1100.0
19.0,6.3,8.05,634.3,,75.0
27.0,7.1,7.2,280.5,74.0,95.0
28.0,7.4,7.27,253.3,,37.0
28.0,7.3,7.3,236.7,,58.0
,5.9,6.6,1359.5,170.0,387.0
,7.4,6.68,39.3,125.0,298.0
,7.1,6.75,41.9,147.0,378.0
,6.8,6.92,70.8,151.0,353.0
,6.8,6.98,7179.1,211.0,466.0
,6.8,7.03,36.8,118.0,624.0
,7.2,6.76,59.8,127.0,357.0
,6.2,6.63,106.8,128.0,360.0
,6.6,6.77,250.7,2433.0,3383.0
,6.9,6.95,51.3,1525.0,3100.0
,6.0,6.75,641.0,1900.0,3600.0
,5.4,6.85,73.3,4955.0,8375.0
,6.7,6.93,65.0,2100.0,4200.0
,6.9,6.85,56.3,1933.0,3400.0
,6.5,6.98,59.3,1333.0,2600.0
,6.8,7.06,63.3,1769.0,2825.0
,5.8,6.73,73.0,1925.0,3500.0
,6.8,6.8,69.8,1100.0,1775.0
,7.1,6.83,80.0,850.0,1475.0
,6.3,7.15,65.5,98.0,595.0
,6.3,6.95,77.5,253.0,775.0
,6.9,6.65,34.0,130.0,215.0
,6.4,6.75,49.3,197.0,350.0
,6.8,7.35,18568.3,215.0,660.0
,6.8,7.08,19740.8,127.0,515.0
,7.1,6.98,58.3,123.0,510.0
,7.0,7.23,67.5,140.0,453.0
,2.4,6.43,1041.3,133.0,373.0
27.0,6.7,7.56,128.4,11.0,250.0
,6.8,7.68,123.2,12.0,236.0
,6.5,7.33,135.8,13.0,208.0
,5.1,7.45,5168.8,7.0,210.0
,6.5,7.34,128.5,11.0,230.0
,6.6,7.47,143.8,16.0,358.0
,6.6,7.75,136.8,15.0,203.0
,7.9,7.85,76.5,,55.0
,7.4,7.0,82.3,,44.0
,7.0,7.9,77.5,,45.0
,6.9,7.73,85.3,,63.0
,7.3,7.77,128.3,,66.0
,8.0,7.8,132.0,,54.0
,5.5,6.58,121.3,,315.0
,7.0,7.43,136.7,,252.0
20.0,6.6,7.15,199.0,208.0,288.0
18.0,6.4,3.05,605.0,18.0,45.0
15.0,7.1,7.03,147.3,1675.0,2300.0
19.0,8.1,7.03,148.3,230.0,307.0
21.0,8.3,7.1,152.0,270.0,413.0
25.0,7.4,6.6,,,
25.0,6.8,6.3,,,
25.0,6.1,7.15,,,
26.0,7.5,7.2,,,
28.0,7.5,7.8,286.5,7448.0,17625.0
30.0,7.5,7.35,30683.0,1515.0,2145.0
27.0,6.0,7.55,214.5,2600.0,10950.0
32.0,6.3,7.43,201.3,2825.0,4500.0
29.0,6.1,8.33,868.5,,
,8.1,7.86,342.3,,
25.0,7.3,7.3,157.0,153.0,348.0
,4.9,7.33,494.7,1233.0,18000.0
28.0,6.3,7.58,379.8,1640.0,4963.0
28.0,6.1,7.58,490.0,4875.0,27500.0
25.0,6.8,7.43,337.5,1175.0,3043.0
26.0,6.7,7.38,333.5,548.0,11050.0
27.0,5.9,7.48,428.0,4050.0,22025.0
25.0,6.5,7.4,361.8,1158.0,15875.0
25.0,6.9,7.4,322.0,200.0,3500.0
26.0,5.1,7.48,496.5,4325.0,23500.0
28.0,5.0,7.4,515.3,8860.0,37320.0
28.0,5.1,7.43,503.3,12938.0,44000.0
16.0,6.2,7.63,423.3,,43.0
,4.4,8.23,390.0,14.0,150.0
,4.2,8.52,380.0,28.0,1100.0
23.0,4.0,7.65,729.0,1190.0,2950.0
22.0,8.0,8.31,617.0,14.0,30.0
,4.2,8.55,1184.7,,
,5.0,7.92,160.0,17.0,149.0
25.0,7.5,7.53,87.3,32.0,133.0
27.0,6.6,7.27,162.3,46.0,156.0
28.0,6.8,7.12,172.3,62.0,283.0
,6.7,7.6,277.8,12.0,33.0
28.0,7.1,6.94,95.8,10.0,26.0
27.0,7.4,7.0,88.5,27.0,105.0
,6.6,7.81,603.2,40.0,191.0
28.0,6.6,7.49,571.5,151.0,273.0
28.0,5.4,7.16,75.8,404.0,513.0
30.0,5.4,7.37,104.8,456.0,557.0
29.0,5.3,7.37,102.2,526.0,583.0
30.0,7.8,239.0,6.2,2.188,10720.0
29.0,7.5,442.0,6.7,,132.0
29.0,7.0,430.0,6.4,,175.0
29.0,7.2,216.0,7.1,,167.0
29.0,7.9,352.0,4.5,,158.0
28.0,7.0,86.0,7.8,0.1,145.0
29.0,6.8,65.0,7.5,,171.0
28.0,7.1,101.0,7.8,0.1,138.0
27.0,7.0,78.0,7.6,,145.0
29.0,7.2,60.0,8.0,,151.0
28.0,6.6,76.0,7.1,,169.0
,,,,,
28.0,8.0,368.0,7.4,,554.0
28.0,7.5,21331.0,3.6,,14109.0
30.0,8.1,540.0,7.2,,540.0
29.0,8.1,443.0,4.0,,6477.0
29.0,8.1,467.0,7.1,,107.0
32.0,7.8,1304.0,4.6,,63.0
30.0,8.0,1708.0,7.8,,2051.0
28.0,7.5,1175.0,5.7,,3900.0
28.0,7.5,67115.0,5.0,,3425.0
27.0,4.0,9948.0,0.4,,35.0
28.0,7.7,1148.0,4.8,2.0,10050.0
28.0,8.0,590.0,4.8,,2873.0
27.0,7.7,440.0,6.5,0.9,688.0
28.0,6.4,1579.0,5.8,0.513,959.0
27.0,6.8,62.0,7.5,0.221,892.0
28.0,6.9,44.0,6.8,0.151,734.0
28.0,6.9,62.0,6.8,0.21,802.0
28.0,7.0,9416.0,6.7,0.241,832.0
24.0,6.9,39.0,6.9,0.195,958.0
28.0,7.1,53.0,6.9,0.367,632.0
28.0,6.9,102.0,6.4,0.335,608.0
27.0,6.8,437.0,5.7,0.922,2933.0
27.0,7.3,58.0,7.0,0.367,3025.0
26.0,6.9,1835.0,5.9,0.61,2400.0
27.0,6.8,60.0,5.0,0.475,3050.0
29.0,7.2,80.0,6.8,0.252,12750.0
27.0,7.0,42.0,7.3,0.347,3800.0
26.0,7.0,51.0,6.7,0.3,2900.0
26.0,7.1,58.0,6.8,0.337,3000.0
26.0,7.0,63.0,6.4,0.278,3550.0
27.0,6.8,72.0,6.6,0.53,1350.0
26.0,6.8,83.0,6.5,0.417,1350.0
24.0,7.0,69.0,6.4,0.222,1400.0
28.0,6.8,88.0,6.9,0.307,1600.0
27.0,6.9,31.0,7.0,0.164,158.0
27.0,6.8,46.0,6.9,0.149,905.0
26.0,7.2,20850.0,6.5,0.477,1475.0
25.0,7.0,24336.0,6.7,0.529,620.0
25.0,7.1,77.0,7.2,0.411,985.0
25.0,7.1,76.0,7.0,0.167,735.0
29.0,6.5,3384.0,3.7,0.757,643.0
26.0,7.7,280.0,6.6,0.994,223.0
27.0,7.8,183.0,6.9,0.497,211.0
24.0,7.7,107.0,6.8,0.386,208.0
25.0,7.5,185.0,5.6,0.514,224.0
27.0,7.3,157.0,6.0,0.603,221.0
28.0,7.4,150.0,6.3,0.614,269.0
26.0,7.4,139.0,5.8,0.453,213.0
21.0,7.3,111.0,7.1,,80.0
21.0,7.4,74.0,7.5,,64.0
21.0,7.5,77.0,7.4,,65.0
21.0,7.3,97.0,7.3,,78.0
21.0,7.4,121.0,7.5,,69.0
21.0,7.4,142.0,6.7,,73.0
23.0,7.3,112.0,8.1,,225.0
21.0,7.5,124.0,3.7,,247.0
20.0,6.9,223.0,6.3,,295.0
17.0,3.1,493.0,5.8,,33.0
15.0,6.9,142.0,7.3,,1573.0
20.0,6.9,145.0,7.8,,245.0
21.0,7.0,145.0,7.3,,363.0
30.0,8.1,569.0,8.2,1.028,6050.0
27.0,7.7,28598.0,7.7,0.962,3200.0
30.0,7.4,219.0,6.8,0.964,11300.0
29.0,7.2,198.0,7.2,1.03,4950.0
29.0,8.0,978.0,5.4,1.24,
21.0,7.6,203.0,6.3,0.107,109.0
29.0,7.2,150.0,7.5,0.142,327.0
31.0,7.3,178.0,6.7,0.138,190.0
29.0,7.1,214.0,6.8,0.585,350.0
,7.5,293.0,7.2,0.568,35.0
28.0,6.9,146.0,7.1,0.506,38.0
28.0,7.0,136.0,7.5,0.609,205.0
,7.9,738.0,7.2,0.518,202.0
29.0,7.5,585.0,6.3,0.155,315.0
28.0,7.6,98.0,6.2,,570.0
28.0,7.7,91.0,6.5,,562.0
29.0,7.6,110.0,5.7,,546.0
