sample.samplingPoint.notation,sample.samplingPoint.label,sample.sampleDateTime,Oxygen Diss,Temp Water,pH,ln Turd,ln Cond,ln Coliform,cos_day_of_year,sin_day_of_year,cos_time_of_day,sin_time_of_day,Oxygen Diss * Temp Water,Oxygen Diss * pH,Oxygen Diss * ln Turd,Oxygen Diss * ln Cond,Oxygen Diss * cos_day_of_year,Oxygen Diss * sin_day_of_year,Oxygen Diss * cos_time_of_day,Temp Water * pH,Temp Water * ln Turd,Temp Water * ln Cond,Temp Water * cos_day_of_year,Temp Water * sin_day_of_year,Temp Water * cos_time_of_day,pH * ln Turd,pH * ln Cond,pH * cos_day_of_year,pH * sin_day_of_year,pH * cos_time_of_day,ln Turd * ln Cond,ln Turd * cos_day_of_year,ln Turd * sin_day_of_year,ln Turd * cos_time_of_day,ln Cond * cos_day_of_year,ln Cond * sin_day_of_year,ln Cond * cos_time_of_day,cos_day_of_year * sin_day_of_year,cos_day_of_year * cos_time_of_day,sin_day_of_year * cos_time_of_day,Oxygen Diss n/(n+1),Temp Water n/(n+1),pH n/(n+1),ln Turd n/(n+1),ln Cond n/(n+1),cos_day_of_year n/(n+1),sin_day_of_year n/(n+1)
TH-PGWL0216,LONG WATER AT INLET FROM ITALIAN GDNS BH,2024-09-24T11:23:00,8.57,17.7,8.51,1.791759469,7.184629153,4.276666119,-0.10196189,-0.994788306,-0.986996367,0.160742566,151.689,72.9307,15.35537865,61.57227184,-0.873813397,-8.525335782,-8.458558865,150.627,31.7141426,127.167936,-1.804725453,-17.60775302,-17.4698357,15.24787308,61.14119409,-0.867695684,-8.465648484,-8.399339083,12.87312732,-0.182691182,-1.782421367,-1.768460086,-0.732558367,-7.147185064,-7.091202872,0.101430496,0.100636015,0.981852444,0.895506792,0.946524064,0.894847529,0.641802952,0.877819754,-0.113538489,-190.8761923
TH-PGWL0216,LONG WATER AT INLET FROM ITALIAN GDNS BH,2024-09-11T10:12:00,13.2,16.1,8.76,1.916922612,7.241366283,4.941642423,-0.320039236,-0.947404289,-0.891006524,0.4539905,212.52,115.632,25.30337848,95.58603494,-4.224517915,-12.50573661,-11.76128612,141.036,30.86245405,116.5859972,-5.1526317,-15.25320905,-14.34520504,16.79224208,63.43436864,-2.803543707,-8.299261572,-7.80521715,13.88113877,-0.613490448,-1.816100704,-1.707990553,-2.317521333,-6.860501475,-6.452104601,0.303206545,0.285157047,0.844143402,0.929577465,0.941520468,0.897540984,0.657172941,0.878660896,-0.470673093,-18.01295716
TH-PGWL0216,LONG WATER AT INLET FROM ITALIAN GDNS BH,2024-09-06T11:36:00,6.01,19,8.23,0.741937345,7.240649694,5.521460918,-0.400243939,-0.916408637,-0.994521895,0.104528463,114.19,49.4623,4.459043443,43.51630466,-2.405466073,-5.507615908,-5.977076589,156.37,14.09680956,137.5723442,-7.604634841,-17.4117641,-18.89591601,6.106144349,59.59054698,-3.294007618,-7.542043083,-8.184915196,5.37210841,-0.296955925,-0.679917791,-0.737872934,-2.898026154,-6.635393917,-7.200984655,0.366787003,0.398051361,0.911388454,0.857346648,0.95,0.891657638,0.425926539,0.878650345,-0.667344551,-10.96295842
TH-PGWL0216,LONG WATER AT INLET FROM ITALIAN GDNS BH,2024-09-02T10:53:00,6.7,20.6,8.45,0.78845736,7.238496841,5.135798437,-0.46230483,-0.886721063,-0.957571361,0.288196268,138.02,56.615,5.282664312,48.49792883,-3.097442361,-5.941031122,-6.415728119,174.07,16.24222162,149.1130349,-9.523479498,-18.2664539,-19.72597004,6.662464692,61.16529831,-3.906475813,-7.492792982,-8.091478,5.70724611,-0.364507646,-0.699141748,-0.755004187,-3.346392052,-6.418527613,-6.931377272,0.40993543,0.442689865,0.849098695,0.87012987,0.953703704,0.894179894,0.440858909,0.878618634,-0.859789814,-7.827766454
TH-PGWL0216,LONG WATER AT INLET FROM ITALIAN GDNS BH,2024-08-27T11:51:00,13.3,20.4,8.76,0.470003629,7.270312886,5.480638923,-0.551204587,-0.834370124,-0.999229036,0.039259816,271.32,116.508,6.251048266,96.69516138,-7.331021007,-11.09712265,-13.28974618,178.704,9.588074032,148.3143829,-11.24457357,-17.02115053,-20.38427233,4.11723179,63.68794088,-4.828552182,-7.309082286,-8.753246355,3.41707344,-0.259068156,-0.392156986,-0.469641273,-4.007429812,-6.066131864,-7.264707736,0.45990864,0.550779628,0.833726855,0.93006993,0.953271028,0.897540984,0.319729571,0.87908559,-1.228186766,-5.037558103
TH-PGWL0216,LONG WATER AT INLET FROM ITALIAN GDNS BH,2024-08-15T12:40:00,15.8,24.5,9.32,1.410986974,7.227662499,3.988984047,-0.710519603,-0.703677407,-0.984807753,-0.173648178,387.1,147.256,22.29359419,114.1970675,-11.22620973,-11.11810303,-15.5599625,228.34,34.56918086,177.0777312,-17.40773027,-17.24009647,-24.12778995,13.1503986,67.36181449,-6.6220427,-6.558273433,-9.178408258,10.19813764,-1.002533905,-0.992879655,-1.389550911,-5.135395889,-5.085942806,-7.117858065,0.499976592,0.699725214,0.692986966,0.94047619,0.960784314,0.903100775,0.585232102,0.878458797,-2.454465347,-2.374700491
TH-PGWL0216,LONG WATER AT INLET FROM ITALIAN GDNS BH,2024-08-05T12:15:00,9.72,23.2,8.78,1.824549292,7.25981961,6.536691598,-0.820485964,-0.571666671,-0.997858923,-0.065403129,225.504,85.3416,17.73461912,70.56544661,-7.97512357,-5.556600042,-9.699188732,203.696,42.32954357,168.427815,-19.03527436,-13.26266677,-23.15032701,16.01954278,63.74121618,-7.203866764,-5.019233371,-8.761201344,13.24589873,-1.497017085,-1.04303402,-1.820642791,-5.956580091,-4.150196909,-7.244275777,0.46904448,0.81872924,0.570442689,0.906716418,0.958677686,0.897750511,0.645961215,0.878931981,-4.570595048,-1.334630374
TH-PGWL0216,LONG WATER AT INLET FROM ITALIAN GDNS BH,2024-07-31T11:28:00,10.7,22.5,8.74,0.09531018,7.35372233,4.59511985,-0.866562479,-0.499068603,-0.990268069,0.139173101,240.75,93.518,1.019818926,78.68482893,-9.272218525,-5.340034052,-10.59586834,196.65,2.14447905,165.4587524,-19.49765578,-11.22904357,-22.28103155,0.833010973,64.27153316,-7.573756066,-4.36185959,-8.654942923,0.700884599,-0.082592226,-0.047566318,-0.094382628,-6.372459852,-3.67001193,-7.282156412,0.432474126,0.858129153,0.494211702,0.914529915,0.957446809,0.897330595,0.087016611,0.880292885,-6.49414402,-0.996281339
TH-PGWL0216,LONG WATER AT INLET FROM ITALIAN GDNS BH,2024-05-25T14:01:00,13.2,21.4,8.92,0.405465108,7.13009851,4.143134726,-0.808004665,0.589176087,-0.863835505,-0.503773977,282.48,117.744,5.352139426,94.11730033,-10.66566158,7.777124348,-11.40262867,190.888,8.676953311,152.5841081,-17.29129983,12.60836826,-18.48607981,3.616748763,63.60047871,-7.207401612,5.255450696,-7.705412705,2.891006162,-0.327617699,0.238890346,-0.350255156,-5.761152858,4.20088354,-6.159232247,-0.476057027,0.697983118,-0.508951223,0.929577465,0.955357143,0.899193548,0.288491764,0.87700026,-4.208459883,0.370743111
TH-PGWL0216,LONG WATER AT INLET FROM ITALIAN GDNS BH,2024-05-17T12:34:00,15,21.2,9.19,1.30833282,7.110696123,4.276666119,-0.719538934,0.694452102,-0.989015863,-0.147809411,318,137.85,19.6249923,106.6604418,-10.79308401,10.41678153,-14.83523795,194.828,27.73665578,150.7467578,-15.2542254,14.72238456,-20.9671363,12.02357862,65.34729737,-6.612562803,6.382014817,-9.089055781,9.303157111,-0.941396403,0.908574477,-1.293961913,-5.116422708,4.938037869,-7.032591263,-0.499685325,0.71163542,-0.686824145,0.9375,0.954954955,0.901864573,0.566786907,0.876706021,-2.565557296,0.409838733
TH-PGWL0216,LONG WATER AT INLET FROM ITALIAN GDNS BH,2024-05-07T11:19:00,11.9,17,8.96,1.386294361,7.206377291,3.988984047,-0.590044474,0.807370744,-0.984040698,0.177943545,202.3,106.624,16.4969029,85.75588976,-7.021529241,9.607711854,-11.71008431,152.32,23.56700414,122.5084139,-10.03075606,13.72530265,-16.72869187,12.42119747,64.56914053,-5.286798487,7.234041866,-8.817004654,9.990160202,-0.817975327,1.11925351,-1.364170071,-4.252083098,5.818218195,-7.091368539,-0.476384646,0.580627776,-0.79448567,0.92248062,0.944444444,0.899598394,0.580940216,0.87814355,-1.439288988,0.446710088
TH-PGWL0216,LONG WATER AT INLET FROM ITALIAN GDNS BH,2023-08-30T10:55:00,11.4,19.5,8.9,0.993251773,7.294377299,4.276666119,-0.522177677,-0.852836722,-0.960049854,0.279829014,222.3,101.46,11.32307021,83.15590121,-5.952825518,-9.722338631,-10.94456834,173.55,19.36840957,142.2403573,-10.1824647,-16.63031608,-18.72097215,8.83994078,64.91995796,-4.647381325,-7.590246826,-8.544443701,7.245153185,-0.518653904,-0.847081586,-0.95357122,-3.808960993,-6.220912825,-7.002965861,0.445332298,0.501316603,0.81876577,0.919354839,0.951219512,0.898989899,0.498307232,0.879436398,-1.092828133,-5.795173454
TH-PGWL0216,LONG WATER AT INLET FROM ITALIAN GDNS BH,2023-08-26T12:10:00,10.5,19.3,8.44,2.00148,7.355001921,5.598421959,-0.579579105,-0.814915984,-0.999048222,-0.043619387,202.65,88.62,21.01554,77.22752017,-6.085580602,-8.556617832,-10.49000633,162.892,38.628564,141.9515371,-11.18587673,-15.72787849,-19.28163068,16.8924912,62.07621621,-4.891647646,-6.877890905,-8.431966994,14.72088924,-1.160015987,-1.631038044,-1.999575035,-4.262805431,-5.993708628,-7.348001592,0.472308277,0.579027474,0.814140365,0.913043478,0.950738916,0.894067797,0.66683103,0.880311218,-1.378568744,-4.402951706
TH-PGWL0216,LONG WATER AT INLET FROM ITALIAN GDNS BH,2023-08-15T12:32:00,8.91,22.2,8.56,0.587786665,7.315883505,5.857933154,-0.722518836,-0.691351236,-0.990268069,-0.139173101,197.802,76.2696,5.237179185,65.18452203,-6.437642829,-6.159939513,-8.823288495,190.032,13.04886396,162.4126138,-16.03991816,-15.34799744,-21.98395113,5.031453852,62.6239628,-6.184761236,-5.91796658,-8.476694671,4.300178767,-0.424686937,-0.406367037,-0.582066366,-5.285863634,-5.057845104,-7.244685832,0.49951429,0.715487333,0.684623053,0.899091826,0.956896552,0.89539749,0.370192469,0.879748195,-2.603848224,-2.239928737
TH-PGWL0216,LONG WATER AT INLET FROM ITALIAN GDNS BH,2023-08-07T11:30:00,9.7,19,8.47,0.09531018,7.321849714,5.598421959,-0.810530999,-0.58569574,-0.991444861,0.130526192,184.3,82.159,0.924508746,71.02194223,-7.86215069,-5.681248678,-9.617015152,160.93,1.81089342,139.1151446,-15.40008898,-11.12821906,-18.83745236,0.807277225,62.01606708,-6.865197562,-4.960842918,-8.397537973,0.697846814,-0.077251855,-0.055822766,-0.094494788,-5.934586163,-4.288376186,-7.259210272,0.474724553,0.803596794,0.580685032,0.906542056,0.95,0.894403379,0.087016611,0.879834408,-4.277908232,-1.413685054
TH-PGWL0216,LONG WATER AT INLET FROM ITALIAN GDNS BH,2023-08-02T10:07:00,11.3,20,8.82,2.708050201,7.26612878,5.634789603,-0.857849498,-0.513901001,-0.880890738,0.473319667,226,99.666,30.60096727,82.10725521,-9.693699327,-5.807081311,-9.954065339,176.4,54.16100402,145.3225756,-17.15698996,-10.27802002,-17.61781476,23.88500277,64.08725584,-7.566232572,-4.532606829,-7.769456309,19.6770415,-2.323099505,-1.391669709,-2.38549634,-6.233244926,-3.734070853,-6.400665543,0.440849716,0.755671677,0.452690632,0.918699187,0.952380952,0.898167006,0.730316488,0.879024387,-6.034797527,-1.057194115
TH-PGWL0216,LONG WATER AT INLET FROM ITALIAN GDNS BH,2023-07-25T11:38:00,10.1,17.6,8.47,0.641853886,7.344072851,5.634789603,-0.92023858,-0.391357837,-0.995396198,0.095845753,177.76,85.547,6.482724249,74.1751358,-9.294409658,-3.952714154,-10.0535016,149.072,11.29662839,129.2556822,-16.19619901,-6.887897931,-17.51897308,5.436502414,62.20429705,-7.794420773,-3.314800879,-8.431005797,4.713821698,-0.590658709,-0.251194548,-0.638898918,-6.758299172,-2.874160466,-7.310262194,0.36014258,0.916001984,0.389556103,0.90990991,0.946236559,0.894403379,0.390932404,0.88015445,-11.53738963,-0.643001522
TH-PGWL0216,LONG WATER AT INLET FROM ITALIAN GDNS BH,2022-09-02T09:56:00,8.43,18.6,9.08,2.995732274,7.266827348,3.80666249,-0.477489428,-0.878637494,-0.857167301,0.515038075,156.798,76.5444,25.25402307,61.25935454,-4.025235878,-7.406914074,-7.225920347,168.888,55.7206203,135.1629887,-8.881303361,-16.34265739,-15.9433118,27.20124905,65.98279232,-4.335604006,-7.978028446,-7.783079093,21.76946922,-1.43043049,-2.632162698,-2.567843748,-3.469833234,-6.38490697,-6.228886785,0.419540114,0.409288324,0.753139329,0.893955461,0.948979592,0.900793651,0.749732982,0.879034609,-0.913836874,-7.239777119
TH-PGWL0216,LONG WATER AT INLET FROM ITALIAN GDNS BH,2022-08-24T10:03:00,8.09,22.1,9.12,2.995732274,7.270312886,7.170119543,-0.607267646,-0.794497329,-0.872496007,0.488621241,178.789,73.7808,24.2354741,58.81683125,-4.912795256,-6.427483392,-7.058492697,201.552,66.20568326,160.6739148,-13.42061498,-17.55839097,-19.28216175,27.32107834,66.30525352,-5.538280932,-7.24581564,-7.957163584,21.77991095,-1.819211286,-2.38010129,-2.613764447,-4.415025792,-5.776244169,-6.343318963,0.482472523,0.529838596,0.693195747,0.889988999,0.956709957,0.901185771,0.749732982,0.87908559,-1.546263352,-3.866116801
TH-PGWL0216,LONG WATER AT INLET FROM ITALIAN GDNS BH,2022-08-19T09:57:00,4.19,22.3,8.63,2.302585093,7.265429723,4.143134726,-0.673274892,-0.739392264,-0.859406412,0.511293086,93.437,36.1597,9.64783154,30.44215054,-2.821021797,-3.098053586,-3.600912866,192.449,51.34764757,162.0190828,-15.01403009,-16.48844749,-19.16476299,19.87130935,62.70065851,-5.810362318,-6.380955238,-7.416677336,16.72927017,-1.55027273,-1.702513605,-1.978856393,-4.891631412,-5.372002532,-6.24395689,0.497814247,0.578616759,0.635438453,0.807321773,0.957081545,0.89615784,0.697206893,0.879014155,-2.060676928,-2.837184634
TH-PGWL0216,LONG WATER AT INLET FROM ITALIAN GDNS BH,2022-08-09T14:01:00,14.5,26.4,9.18,2.2300144,7.293697721,6.173786104,-0.789904539,-0.613229826,-0.863835505,-0.503773977,382.8,133.11,32.3352088,105.758617,-11.45361582,-8.891832477,-12.52561482,242.352,58.87238016,192.5536198,-20.85347983,-16.18926741,-22.80525733,20.47153219,66.95614508,-7.251323668,-5.629449803,-7.930009936,16.26505095,-1.761498497,-1.367511342,-1.926365615,-5.761324936,-4.472712984,-6.300555054,0.484393023,0.682347586,0.529729696,0.935483871,0.96350365,0.901768173,0.690403857,0.87942652,-3.759741097,-1.585514777
TH-PGWL0216,LONG WATER AT INLET FROM ITALIAN GDNS BH,2022-08-01T11:11:00,5.36,22,9,1.740466175,7.252053952,2.302585093,-0.866562479,-0.499068603,-0.977231106,0.212177672,117.92,48.24,9.328898698,38.87100918,-4.644774887,-2.675007712,-5.237958728,198,38.29025585,159.5451869,-19.06437454,-10.97950927,-21.49908433,15.66419557,65.26848557,-7.799062311,-4.491617427,-8.795079954,12.6219546,-1.508222683,-0.868612023,-1.700837685,-6.28435785,-3.619272435,-7.086932704,0.432474126,0.84683181,0.487705363,0.842767296,0.956521739,0.9,0.63509858,0.878818049,-6.49414402,-0.996281339
TH-PGWL0216,LONG WATER AT INLET FROM ITALIAN GDNS BH,2022-07-25T13:39:00,9.41,21.8,8.84,1.131402111,7.25488481,3.583518938,-0.92023858,-0.391357837,-0.908143174,-0.418659738,205.138,83.1844,10.64649386,68.26846606,-8.659445038,-3.682677246,-8.545627267,192.712,24.66456602,158.1564889,-20.06120104,-8.531600847,-19.79752119,10.00159466,64.13318172,-8.134909047,-3.459603279,-8.027985658,8.208191989,-1.041159872,-0.442783083,-1.027475104,-6.676224896,-2.839256027,-6.588474118,0.36014258,0.835708385,0.355408948,0.903938521,0.956140351,0.898373984,0.530825275,0.878859606,-11.53738963,-0.643001522
AN-62M01,R.OUSE THE POINT KINGS LYNN,2016-03-08T16:56:00,10.9,5.16,8.24,3.708682081,10.19679129,4.727387819,0.390368215,0.920658817,-0.275637356,-0.961261696,56.244,89.816,40.42463468,111.1450251,4.255013544,10.03518111,-3.00444718,42.5184,19.13679954,52.61544306,2.014299989,4.750599496,-1.422288757,30.55954035,84.02156023,3.216634092,7.586228652,-2.271251813,37.81665714,1.447751604,3.414430857,-1.022251323,3.980503215,9.387765806,-2.810616591,0.359395939,-0.107600063,-0.253767962,0.915966387,0.837662338,0.891774892,0.78762635,0.910688699,0.280766067,0.479345321
AN-62M01,R.OUSE THE POINT KINGS LYNN,2016-02-04T15:52:00,11.1,6.35,8.28,2.960105096,9.934404655,4.394449155,0.824156636,0.566361933,-0.529919264,-0.848048096,70.485,91.908,32.85716657,110.2718917,9.14813866,6.286617456,-5.88210383,52.578,18.79666736,63.08346956,5.233394639,3.596398275,-3.364987326,24.50967019,82.25687054,6.824016946,4.689476805,-4.387731506,29.40688184,2.439590258,1.676490844,-1.568616714,8.187505521,5.626468624,-5.264432403,0.466770945,-0.436736478,-0.300126099,0.917355372,0.863945578,0.892241379,0.747481449,0.908545547,0.451801463,0.361577948
AN-62M01,R.OUSE THE POINT KINGS LYNN,2015-12-07T13:39:00,10.5,9.52,8.25,4.251348311,7.20385185,5.768320996,0.914243791,-0.405164522,-0.908143174,-0.418659738,99.96,86.625,44.63915727,75.64044443,9.599559806,-4.254227481,-9.535503327,78.54,40.47283592,68.58066961,8.70360089,-3.857166249,-8.645523016,35.07362357,59.43177776,7.542511276,-3.342607307,-7.492181186,30.6260834,3.886768797,-1.722495506,-3.860832949,6.586076825,-2.918745191,-6.542128884,-0.370419149,-0.830264258,0.367947395,0.913043478,0.904942966,0.891891892,0.809572715,0.878106039,0.4776005,-0.681137116
SW-60110129,HENLEAZE LAKE (36050),2015-09-17T13:00:00,7.57,15.4,7.93,2.541601993,6.165417854,5.560681631,-0.237468316,-0.971395285,-0.965925826,-0.258819045,116.578,60.0301,19.23992709,46.67221315,-1.797635152,-7.353462307,-7.312058503,122.122,39.14067069,94.94743495,-3.657012066,-14.95948739,-14.87525772,20.1549038,48.89176358,-1.883123746,-7.70316461,-7.6597918,15.67003831,-0.603549945,-2.468900192,-2.454999004,-1.464091395,-5.989057833,-5.955336333,0.230675602,0.229376779,0.938295793,0.883313886,0.93902439,0.888017917,0.717641903,0.860440798,-0.311420917,-33.95927157
AN-DEB020,R.DEBEN A1120 RD.BR.ASHFIELD,2015-09-04T14:09:00,6.42,12.7,8.01,0.993251773,6.533788838,8.809862805,-0.44698343,-0.894542237,-0.845727822,-0.533614516,81.534,51.4242,6.376676383,41.94692434,-2.869633621,-5.742961162,-5.429572617,101.727,12.61429752,82.97911824,-5.676689561,-11.36068641,-10.74074334,7.955946702,52.33564859,-3.580337274,-7.165283318,-6.774279854,6.489697348,-0.443967084,-0.888505663,-0.840020659,-2.920495346,-5.844750083,-5.525807003,0.399845557,0.378026323,0.756539258,0.865229111,0.927007299,0.889012209,0.498307232,0.867264663,-0.808264081,-8.482469299
SW-60110129,HENLEAZE LAKE (36050),2015-09-04T09:05:00,7.89,15.7,7.94,2.990719732,6.17586727,4.290459441,-0.44698343,-0.894542237,-0.722363962,0.691513056,123.873,62.6466,23.59677869,48.72759276,-3.526699263,-7.05793825,-5.69945166,124.658,46.95429979,96.96111614,-7.017639851,-14.04431312,-11.3411142,23.74631467,49.03638612,-3.549048434,-7.102665362,-5.735569858,18.47028811,-1.336802164,-2.675325119,-2.160388155,-2.760510336,-5.524574123,-4.46122395,0.399845557,0.322884721,0.646185074,0.887514061,0.94011976,0.888143177,0.749418634,0.860644022,-0.808264081,-8.482469299
SW-60110129,HENLEAZE LAKE (36050),2015-09-02T12:15:00,7.92,16.6,8.05,2.753660712,6.182911012,5.099866428,-0.477489428,-0.878637494,-0.997858923,-0.065403129,131.472,63.756,21.80899284,48.96865522,-3.78171627,-6.958808952,-7.90304267,133.63,45.71076782,102.6363228,-7.926324505,-14.5853824,-16.56445812,22.16696873,49.77243365,-3.843789895,-7.073031827,-8.03276433,17.02563914,-1.314843878,-2.419469547,-2.747764912,-2.952274642,-5.432537437,-6.169672923,0.419540114,0.476467086,0.876756263,0.887892377,0.943181818,0.889502762,0.733593397,0.860780678,-0.913836874,-7.239777119
SW-60110129,HENLEAZE LAKE (36050),2015-08-20T13:18:00,8.38,17.9,8,2.595254707,6.187853361,6.194405391,-0.660456564,-0.750864253,-0.942641491,-0.333806859,150.002,67.04,21.74823444,51.85421117,-5.534626006,-6.29224244,-7.899335695,143.2,46.45505926,110.7625752,-11.8221725,-13.44047013,-16.87328269,20.76203766,49.50282689,-5.283652512,-6.006914024,-7.541131928,16.05905556,-1.714053006,-1.948683987,-2.446394767,-4.086808369,-4.646237892,-5.832927318,0.495913225,0.62257376,0.707795799,0.893390192,0.947089947,0.888888889,0.72185559,0.860876405,-1.945131297,-3.013876018
SW-60110129,HENLEAZE LAKE (36050),2015-08-18T11:50:00,7.53,18.1,7.9,2.302585093,6.18929029,5.298317367,-0.685893988,-0.727701476,-0.999048222,0.043619387,136.293,59.487,17.33846575,46.60535588,-5.16478173,-5.479592114,-7.522833112,142.99,41.67679018,112.0261542,-12.41468118,-13.17139672,-18.08277282,18.19042223,48.89539329,-5.418562505,-5.74884166,-7.892480954,14.25136756,-1.579329272,-1.675594571,-2.300393543,-4.245197,-4.503955679,-6.18339946,0.499126067,0.685241169,0.727008866,0.882766706,0.947643979,0.887640449,0.697206893,0.860904212,-2.183638523,-2.672440031
SW-60110129,HENLEAZE LAKE (36050),2015-08-05T09:23:00,7.87,17.5,8.12,2.493205453,6.180223672,3.80666249,-0.830198134,-0.557468437,-0.774392644,0.632705329,137.725,63.9044,19.62152692,48.6383603,-6.533659315,-4.387276599,-6.094470108,142.1,43.63109543,108.1539143,-14.52846735,-9.755697648,-13.55187127,20.24482828,50.18341622,-6.741208848,-4.526643708,-6.288068269,15.40856736,-2.069854515,-1.389883347,-1.930719963,-5.13081016,-3.445279631,-4.78591975,0.462809256,0.642899328,0.431699457,0.887260428,0.945945946,0.890350877,0.713729979,0.860728573,-4.889216789,-1.259725822
SW-60110129,HENLEAZE LAKE (36050),2015-07-28T12:15:00,8.54,17.1,7.97,2.687847494,6.173577749,3.80666249,-0.898825465,-0.438306723,-0.997858923,-0.065403129,146.034,68.0638,22.9542176,52.72235398,-7.675969471,-3.743139414,-8.521715202,136.287,45.96219215,105.5681795,-15.36991545,-7.495044963,-17.06338758,21.42214453,49.20341466,-7.163638956,-3.493304582,-7.952935616,16.59363548,-2.415905774,-1.178101627,-2.682092606,-5.548968891,-2.705920632,-6.160359644,0.393961244,0.89690101,0.437368275,0.895178197,0.944751381,0.88851728,0.728839112,0.860599545,-8.883910017,-0.780331083
SW-60110129,HENLEAZE LAKE (36050),2015-07-21T08:55:00,6.49,18.6,7.87,3.068052935,6.196444128,4.007333185,-0.944968846,-0.327160327,-0.691513056,0.722363962,120.714,51.0763,19.91166355,40.21492239,-6.132847811,-2.123270522,-4.487919733,146.382,57.06578459,115.2538608,-17.57642054,-6.085182082,-12.86214284,24.1455766,48.76601529,-7.436904818,-2.574751773,-5.442207751,19.01101859,-2.899214441,-1.003745201,-2.121598661,-5.855446657,-2.027230687,-4.284922015,0.309156317,0.653458295,0.226235638,0.866488652,0.948979592,0.887260428,0.754182156,0.861042484,-17.17152517,-0.486238164
SW-60110129,HENLEAZE LAKE (36050),2015-07-19T11:27:00,8.08,18.7,8.03,3.058707073,6.196647773,5.204006687,-0.955663305,-0.294461622,-0.989651387,0.143492622,151.096,64.8824,24.71435315,50.06891401,-7.721759504,-2.379249906,-7.996383207,150.161,57.19782227,115.8773134,-17.8709038,-5.506432331,-18.50648094,24.5614178,49.75908162,-7.673976339,-2.364526825,-7.946900638,18.95373037,-2.92309411,-0.900671846,-3.027053697,-5.921908891,-1.824674954,-6.132521063,0.281406167,0.945773515,0.291414353,0.889867841,0.949238579,0.889258029,0.753616119,0.861046416,-21.55468072,-0.417357342
SW-60110129,HENLEAZE LAKE (36050),2015-07-08T09:55:00,5.72,18.7,7.73,2.985681938,6.191339471,4.406719247,-0.993992768,-0.109445769,-0.854911871,0.518773258,106.964,44.2156,17.07810069,35.41446177,-5.685638633,-0.626029799,-4.890095902,144.551,55.83225224,115.7780481,-18.58766476,-2.04663588,-15.98685199,23.07932138,47.85905411,-7.683564097,-0.846015794,-6.608468763,18.48537043,-2.967746254,-0.326770256,-2.552494932,-6.154146658,-0.67761591,-5.293049611,0.108788303,0.849776217,0.093566487,0.851190476,0.949238579,0.885452463,0.749101906,0.860943847,-165.4660196,-0.122896243
SW-60110129,HENLEAZE LAKE (36050),2015-07-05T11:26:00,6.97,20.4,7.96,2.954910279,6.084499413,4.007333185,-0.998315097,-0.058025569,-0.989015863,0.147809411,142.188,55.4812,20.59572464,42.40896091,-6.958256226,-0.404438216,-6.893440565,162.384,60.28016969,124.123788,-20.36562798,-1.183721608,-20.17592361,23.52108582,48.43261533,-7.946588172,-0.461883529,-7.872566269,17.97914986,-2.949931542,-0.17146035,-2.92245314,-6.074247622,-0.353056541,-6.017666438,0.057927802,0.987349467,0.057388208,0.874529486,0.953271028,0.888392857,0.747149763,0.858846766,-592.5059763,-0.061599941
SW-60110129,HENLEAZE LAKE (36050),2015-06-29T11:15:00,6.31,19,8,3.015534901,6.209193466,2.302585093,-0.998980625,0.045141018,-0.98078528,0.195090322,119.89,50.48,19.02802523,39.18001077,-6.303567744,0.284839824,-6.188755117,152,57.29516312,117.9746759,-18.98063188,0.857679342,-18.63492032,24.12427921,49.67354773,-7.991845,0.361128144,-7.84628224,18.7240396,-3.01246094,0.136124315,-2.957592242,-6.202863969,0.280289314,-6.089885552,-0.045095002,0.979785492,-0.044273646,0.863201094,0.95,0.888888889,0.750967175,0.861288228,-979.9932557,0.043191318
SW-60110129,HENLEAZE LAKE (36050),2015-06-19T11:02:00,8.97,18.3,8.14,2.32238772,6.161840033,4.143134726,-0.976508846,0.215477315,-0.96814764,0.250380004,164.151,73.0158,20.83181785,55.2717051,-8.759284349,1.932831516,-8.684284331,148.962,42.49969528,112.7616726,-17.87011188,3.943234865,-17.71710181,18.90423604,50.15737787,-7.948782006,1.753985344,-7.88072179,14.31018163,-2.267832152,0.50042187,-2.24841419,-6.0170913,1.327736746,-5.965570886,-0.210415504,0.945404735,-0.208613854,0.899699097,0.948186528,0.89059081,0.699011649,0.860371078,-41.56921563,0.17727794
SW-60110129,HENLEAZE LAKE (36050),2015-06-09T09:55:00,6.8,15.9,8.01,2.856470206,6.155282632,3.295836866,-0.925211078,0.379452844,-0.854911871,0.518773258,108.12,54.468,19.4239974,41.8559219,-6.29143533,2.580279339,-5.813400723,127.359,45.41787628,97.86899385,-14.71085614,6.03330022,-13.59309875,22.88032635,49.30381388,-7.410940735,3.03941728,-6.847844087,17.58238145,-2.642837879,1.083895743,-2.442030288,-5.694935679,2.3356395,-5.262224191,-0.351073975,0.790973934,-0.324398741,0.871794872,0.940828402,0.889012209,0.74069552,0.860243117,-12.37096422,0.275074893
AN-DEB020,R.DEBEN A1120 RD.BR.ASHFIELD,2015-06-04T10:33:00,6.61,12.8,7.9,1.131402111,7.145984468,5.768320996,-0.889193477,0.457531376,-0.928809553,0.370557438,84.608,52.219,7.478567954,47.23495733,-5.877568883,3.024282395,-6.139431145,101.12,14.48194702,91.46860119,-11.38167651,5.856401613,-11.88876228,8.938076677,56.4532773,-7.024628468,3.61449787,-7.337595469,8.084981912,-1.006035377,0.517651965,-1.050857089,-6.354162776,3.269512107,-6.637258639,-0.406833915,0.825891396,-0.424959513,0.868593955,0.927536232,0.887640449,0.530825275,0.877240129,-8.024739455,0.313908423
SW-60110129,HENLEAZE LAKE (36050),2015-05-21T11:38:00,10.4,14.4,8.33,3.086486637,6.177944114,3.80666249,-0.754403841,0.656410576,-0.995396198,0.095845753,149.76,86.632,32.09946102,64.25061879,-7.845799946,6.82666999,-10.35212046,119.952,44.44540757,88.96239524,-10.86341531,9.452312294,-14.33370525,25.71043369,51.46227447,-6.284183996,5.467900098,-8.291650329,19.06814195,-2.328457374,2.026002471,-3.072277064,-4.660664769,4.055267854,-6.149502083,-0.49519866,0.750930715,-0.653388592,0.912280702,0.935064935,0.892818864,0.755291014,0.860684343,-3.071724917,0.396284946
AN-62M01,R.OUSE THE POINT KINGS LYNN,2015-05-11T11:17:00,10,13.22,8.54,4.080921542,10.56800375,2.890371758,-0.630906621,0.775858773,-0.982450398,0.186524036,132.2,85.4,40.80921542,105.6800375,-6.30906621,7.75858773,-9.82450398,112.8988,53.94978279,139.7090096,-8.34058553,10.25685298,-12.98799426,34.85106997,90.25075203,-5.387942543,6.625833921,-8.390126399,43.12719416,-2.574680421,3.16621878,-4.009302993,-6.667423537,8.199278423,-10.38253949,-0.489494437,0.619834461,-0.76224276,0.909090909,0.929676512,0.895178197,0.80318531,0.913554661,-1.709341475,0.436892159
AN-DEB020,R.DEBEN A1120 RD.BR.ASHFIELD,2015-05-07T12:56:00,10.6,11.9,7.83,1.458615023,6.647688374,6.040254711,-0.576069123,0.817400982,-0.970295726,-0.241921896,126.14,82.998,15.46131924,70.46549676,-6.106332704,8.664450409,-10.2851347,93.177,17.35751877,79.10749165,-6.855222564,9.727071686,-11.54651914,11.42095563,52.05139997,-4.510621233,6.400249689,-7.597415535,9.696418131,-0.840263077,1.192273352,-1.415287923,-3.829528012,5.433827005,-6.450223617,-0.470879467,0.558957408,-0.793120679,0.913793103,0.92248062,0.886749717,0.593266945,0.869241534,-1.358875124,0.449763696
AN-DEB020,R.DEBEN A1120 RD.BR.ASHFIELD,2015-04-01T11:24:00,11.2,6.6,8.18,1.386294361,6.812345094,6.606650186,0.005375732,0.999985551,-0.987688341,0.156434465,73.92,91.616,15.52649684,76.29826505,0.060208198,11.19983817,-11.06210942,53.988,9.149542783,44.96147762,0.035479831,6.599904637,-6.518743051,11.33988787,55.72498287,0.043973488,8.179881807,-8.079290629,9.443915589,0.007452347,1.38627433,-1.369226778,0.036621342,6.812246662,-6.728473824,0.005375654,-0.005309548,-0.98767407,0.918032787,0.868421053,0.891067538,0.580940216,0.871997462,0.005346988,0.499996388
AN-DEB020,R.DEBEN A1120 RD.BR.ASHFIELD,2015-03-06T13:00:00,14.9,7.3,8.37,1.526056303,6.8134446,7.505492275,0.437340096,0.899296192,-0.965925826,-0.258819045,108.77,124.713,22.73823891,101.5203245,6.51636743,13.39951326,-14.39229481,61.101,11.14021101,49.73814558,3.192582701,6.564862202,-7.05125853,12.77309126,57.0285313,3.660536604,7.527109127,-8.084799164,10.39770008,0.66740561,1.372376622,-1.474057195,2.979792515,6.127304783,-6.581282103,0.393298283,-0.422438093,-0.868653417,0.937106918,0.879518072,0.893276414,0.604126005,0.872015474,0.304270435,0.473489178
AN-62M01,R.OUSE THE POINT KINGS LYNN,2015-03-05T07:01:00,11.5,4.74,8.11,2.58021683,10.06917147,4.836281907,0.4527447,0.891640195,-0.263031214,0.964787324,54.51,93.265,29.67249355,115.7954719,5.20656405,10.25386224,-3.024858961,38.4414,12.23022777,47.72787277,2.146009878,4.226374524,-1.246767954,20.92555849,81.66098062,3.671759517,7.231201981,-2.133183146,25.98064569,1.168179495,2.300625037,-0.678677565,4.558764016,8.978078013,-2.648506396,0.403685373,-0.119085988,-0.234529203,0.92,0.825783972,0.890230516,0.720687308,0.909659002,0.311647807,0.471358241
AN-62M01,R.OUSE THE POINT KINGS LYNN,2015-02-08T09:38:00,11.6,2.56,8.11,3.356897123,10.25565736,5.192956851,0.783265862,0.62168689,-0.814115518,0.580702956,29.696,94.076,38.94000663,118.9656254,9.085883999,7.211567924,-9.443740009,20.7616,8.593656635,26.25448284,2.005160607,1.591518438,-2.084135726,27.22443567,83.17338119,6.352286141,5.041880678,-6.602476851,34.42718669,2.629342919,2.086938932,-2.73290204,8.032906302,6.375807729,-8.349289804,0.486946118,-0.637668893,-0.506124944,0.920634921,0.719101124,0.890230516,0.770478859,0.911155789,0.43923112,0.383358152
AN-DEB020,R.DEBEN A1120 RD.BR.ASHFIELD,2015-02-06T13:50:00,12.2,3.3,8.38,1.791759469,6.781057626,5.598421959,0.804187158,0.594376157,-0.887010833,-0.461748613,40.26,102.236,21.85946552,82.72890304,9.811083328,7.251389115,-10.82153216,27.654,5.912806248,22.37749017,2.653817621,1.961441318,-2.927135749,15.01494435,56.82526291,6.739088384,4.980872196,-7.433150781,12.15002421,1.440909955,1.064979107,-1.589310059,5.45323946,4.030498972,-6.014871573,0.477989672,-0.713322721,-0.52721809,0.924242424,0.76744186,0.893390192,0.641802952,0.871482766,0.445733778,0.372795438
AN-62M01,R.OUSE THE POINT KINGS LYNN,2015-01-12T11:02:00,11.5,6.06,8.13,3.937690752,9.091669442,5.693732139,0.97876907,0.204966114,-0.96814764,0.250380004,69.69,93.495,45.28344365,104.5541986,11.25584431,2.357110311,-11.13369786,49.2678,23.86240596,55.09551682,5.931340564,1.242094651,-5.866974698,32.01342581,73.91527256,7.957392539,1.666374507,-7.871040313,35.80018268,3.854089915,0.807093172,-3.812266009,8.898644844,1.863484155,-8.802078314,0.200614493,-0.947592965,-0.19843746,0.92,0.858356941,0.890470975,0.797476179,0.900908367,0.494635319,0.170101144
AN-DEB020,R.DEBEN A1120 RD.BR.ASHFIELD,2015-01-09T13:14:00,11.8,7.2,8.17,2.895911938,6.705639095,7.649692624,0.988039023,0.154204048,-0.948323655,-0.317304656,84.96,96.406,34.17176087,79.12654132,11.65886047,1.819607766,-11.19021913,58.824,20.85056595,48.28060148,7.113880966,1.110269146,-6.827930316,23.65960053,54.78507141,8.072278818,1.259847072,-7.747804261,19.41894031,2.861274002,0.446561343,-2.746261794,6.6254331,1.034036693,-6.359116176,0.152359617,-0.936980778,-0.146235346,0.921875,0.87804878,0.890948746,0.743320687,0.870224911,0.496991765,0.133602068
AN-62M01,R.OUSE THE POINT KINGS LYNN,2014-12-03T14:32:00,9.72,7.71,8.07,5.303304908,7.467313922,6.214608098,0.884223024,-0.467064925,-0.788010754,-0.615661475,74.9412,78.4404,51.54812371,72.58229132,8.594647793,-4.539871071,-7.659464529,62.2197,40.88848084,57.57299034,6.817359515,-3.601070572,-6.075562913,42.79767061,60.26122335,7.135679804,-3.769213945,-6.359246785,39.60144257,4.689304303,-2.476987709,-4.179061299,6.602770897,-3.487720417,-5.884323674,-0.41298956,-0.696777252,0.368052184,0.906716418,0.885189437,0.889746417,0.841353066,0.881898792,0.469277263,-0.876401173
AN-DEB020,R.DEBEN A1120 RD.BR.ASHFIELD,2014-12-03T13:20:00,10.6,7.9,8.11,1.974081026,6.774223886,7.783224016,0.884223024,-0.467064925,-0.939692621,-0.342020143,83.74,85.966,20.92525888,71.80677319,9.372764054,-4.950888205,-9.960741783,64.069,15.59524011,53.5163687,6.98536189,-3.689812908,-7.423571706,16.00979712,54.93895572,7.171048725,-3.787896542,-7.620907156,13.37286684,1.745527894,-0.922024006,-1.855029373,5.98992473,-3.164002371,-6.365688199,-0.41298956,-0.830897851,0.438897464,0.913793103,0.887640449,0.890230516,0.663761683,0.871369797,0.469277263,-0.876401173
AN-62M01,R.OUSE THE POINT KINGS LYNN,2014-11-05T15:56:00,8.8,10.544,7.989,5.152134856,3.505857652,7.170119543,0.567247699,-0.823547235,-0.515038075,-0.857167301,92.7872,70.3032,45.33878673,30.85154734,4.991779751,-7.247215668,-4.53233506,84.236016,54.32410992,36.96576308,5.981059738,-8.683482046,-5.430561463,41.16040536,28.00829678,4.531741867,-6.57931886,-4.114639181,18.06265141,2.922536642,-4.243026415,-2.653545618,1.988689686,-2.887239376,-1.805650176,-0.467155274,-0.292154163,0.424158183,0.897959184,0.913374913,0.88875292,0.837454798,0.778066668,0.361938767,-4.667239048
AN-DEB020,R.DEBEN A1120 RD.BR.ASHFIELD,2014-11-04T13:13:00,6.58,9.6,7.71,0.78845736,7.163946684,7.400009517,0.55299746,-0.833182939,-0.949699126,-0.313163806,63.168,50.7318,5.188049429,47.13876918,3.638723287,-5.482343739,-6.249020249,74.016,7.569190656,68.77388817,5.308775616,-7.998556214,-9.11711161,6.079006246,55.23402893,4.263610417,-6.42384046,-7.322180261,5.64846649,0.436014917,-0.65692922,-0.748797266,3.96164432,-5.968878153,-6.803593905,-0.460748049,-0.525181204,0.791273109,0.868073879,0.905660377,0.885189437,0.440858909,0.877510224,0.356083944,-4.994590685
AN-62M01,R.OUSE THE POINT KINGS LYNN,2014-10-12T10:53:00,7.35,12.43,7.85,3.804437795,10.77674551,3.912023005,0.189155269,-0.98194719,-0.957571361,0.288196268,91.3605,57.6975,27.96261779,79.2090795,1.390291227,-7.217311846,-7.038149503,97.5755,47.28916179,133.9549467,2.351199994,-12.20560357,-11.90261202,29.86483669,84.59745225,1.484868862,-7.708285441,-7.516935184,40.99945793,0.719629455,-3.735757002,-3.643020677,2.038478196,-10.58219497,-10.31950287,-0.185740485,-0.181129668,0.940284507,0.880239521,0.925539836,0.88700565,0.791859101,0.915086897,0.159066922,-54.39303854
AN-DEB020,R.DEBEN A1120 RD.BR.ASHFIELD,2014-10-01T15:11:00,7.14,14.8,7.75,0.832909123,7.268223021,7.505492275,0.001075151,-0.999999422,-0.672366807,-0.740218127,105.672,55.335,5.946971138,51.89511237,0.007676578,-7.139995873,-4.800699002,114.7,12.32705502,107.5697007,0.015912235,-14.79999145,-9.951028744,6.455045703,56.32872841,0.00833242,-7.749995521,-5.210842754,6.053769262,0.000895503,-0.832908642,-0.560020448,0.007814437,-7.26821882,-4.886911905,-0.00107515,-0.000722896,0.672366418,0.877149877,0.936708861,0.885714286,0.454419214,0.879055028,0.001073996,-1730102.806
SW-60110129,HENLEAZE LAKE (36050),2014-09-26T11:24:00,6.42,16.4,7.72,2.240709689,6.298213682,4.682131227,-0.084834878,-0.996395024,-0.987688341,0.156434465,105.288,49.5624,14.3853562,40.43453184,-0.544639917,-6.396856054,-6.340959149,126.608,36.7476389,103.2907044,-1.391291999,-16.34087839,-16.19808879,17.2982788,48.62220963,-0.654925258,-7.692169585,-7.624953993,14.11246842,-0.190090333,-2.232631984,-2.213122835,-0.534308189,-6.275508773,-6.220672223,0.08452905,0.08379042,0.984127748,0.865229111,0.942528736,0.885321101,0.691425615,0.86298017,-0.092698985,-276.3943571
SW-60110129,HENLEAZE LAKE (36050),2014-09-21T15:52:00,7.16,18.1,8.09,2.468099531,6.293419279,5.438079309,-0.170117678,-0.985423754,-0.529919264,-0.848048096,129.596,57.9244,17.67159264,45.06088204,-1.218042574,-7.055634079,-3.79422193,146.429,44.67260151,113.9108889,-3.079129972,-17.83616995,-9.591538678,19.96692521,50.91376197,-1.376252015,-7.97207817,-4.287046846,15.53278517,-0.419867361,-2.432123905,-1.307893487,-1.070621874,-6.201684851,-3.335004112,0.167638001,0.090148635,0.52219503,0.87745098,0.947643979,0.889988999,0.711657641,0.862890098,-0.204990121,-67.60476971
AN-62M01,R.OUSE THE POINT KINGS LYNN,2014-09-12T19:24:00,5.32,17.59,7.73,5.860786223,9.974300101,5.030437921,-0.320039236,-0.947404289,0.35836795,-0.933580426,93.5788,41.1236,31.17938271,53.06327654,-1.702608736,-5.040190817,1.906517494,135.9707,103.0912297,175.4479388,-5.629490161,-16.66484144,6.303692241,45.3038775,77.10133978,-2.473903294,-7.323435154,2.770184254,58.45724062,-1.875681545,-5.552534005,2.100317944,-3.192167384,-9.449694695,3.57446948,0.303206545,-0.114691805,-0.339519333,0.841772152,0.946207639,0.885452463,0.85424411,0.908878016,-0.470673093,-18.01295716
SW-60110129,HENLEAZE LAKE (36050),2014-09-11T10:18:00,6.87,17.3,7.69,2.140066163,6.293973654,4.007333185,-0.33628873,-0.941758934,-0.902585284,0.430511097,118.851,52.8303,14.70225454,43.239599,-2.310303575,-6.469883877,-6.200760901,133.037,37.02314462,108.8857442,-5.817795029,-16.29242956,-15.61472541,16.45710879,48.4006574,-2.586060334,-7.242126202,-6.940880834,13.46952005,-0.719680132,-2.015426428,-1.931592226,-2.116592407,-5.927405919,-5.680847998,0.316702916,0.303529259,0.850017755,0.872935197,0.945355191,0.884925201,0.681535373,0.862900519,-0.506679252,-16.1700154
AN-DEB020,R.DEBEN A1120 RD.BR.ASHFIELD,2014-09-04T13:33:00,7.63,16,7.86,0.955511445,7.041411664,8.101677747,-0.44698343,-0.894542237,-0.91879121,-0.394743856,122.08,59.9718,7.290552325,53.725971,-3.410483571,-6.825357268,-7.010376932,125.76,15.28818312,112.6625866,-7.15173488,-14.31267579,-14.70065936,7.510319958,55.34549568,-3.51328976,-7.031101983,-7.221698911,6.728149434,-0.427097783,-0.854745345,-0.877915517,-3.147394338,-6.298840142,-6.469587143,0.399845557,0.410684446,0.821897544,0.884125145,0.941176471,0.887133183,0.488624829,0.875643725,-0.808264081,-8.482469299
SW-60110129,HENLEAZE LAKE (36050),2014-09-01T08:50:00,7.15,16.7,7.72,2.32238772,6.284693706,4.59511985,-0.492532729,-0.870293922,-0.675590208,0.737277337,119.405,55.198,16.6050722,44.93556,-3.521609012,-6.222601542,-4.830469987,128.924,38.78387492,104.9543849,-8.225296574,-14.5339085,-11.28235647,17.9288332,48.51783541,-3.802352668,-6.718669078,-5.215556406,14.59549549,-1.143851962,-2.021159917,-1.568982403,-3.095417342,-5.469530734,-4.245877528,0.42864824,0.332750289,0.587962052,0.877300613,0.943502825,0.885321101,0.699011649,0.862725869,-0.970570433,-6.709738938
SW-60110129,HENLEAZE LAKE (36050),2014-08-27T11:26:00,9.98,16.6,8.03,2.251291799,6.276643489,6.327936784,-0.565475513,-0.824765084,-0.989015863,0.147809411,165.668,80.1394,22.46789215,62.64090202,-5.64344562,-8.231155538,-9.870378313,133.298,37.37144386,104.1922819,-9.386893516,-13.69110039,-16.41766333,18.07787315,50.40144722,-4.540768369,-6.622863625,-7.94179738,14.13055601,-1.273050385,-1.85678687,-2.226563301,-3.549288197,-5.176756394,-6.207699977,0.466384459,0.559264252,0.815705751,0.908925319,0.943181818,0.889258029,0.692429944,0.862574001,-1.301366275,-4.706625271
SW-60110129,HENLEAZE LAKE (36050),2014-08-22T12:10:00,8.02,17.1,8.11,2.433613355,6.295266001,5.298317367,-0.634237439,-0.773138326,-0.999048222,-0.043619387,137.142,65.0422,19.51757911,50.48803333,-5.086584261,-6.200569375,-8.01236674,138.681,41.61478837,107.6490486,-10.84546021,-13.22066537,-17.0837246,19.73660431,51.05460727,-5.14366563,-6.270151824,-8.10228108,15.32024341,-1.543488702,-1.881519755,-2.431297095,-3.992693386,-4.867111418,-6.289274305,0.490353272,0.633633786,0.77240247,0.889135255,0.944751381,0.890230516,0.708761617,0.862924806,-1.734014103,-3.407972411
SW-60110129,HENLEAZE LAKE (36050),2014-08-13T11:32:00,7.26,18.4,7.71,2.32238772,6.297845697,6.492239835,-0.745872399,-0.666088856,-0.992546152,0.121869343,133.584,55.9746,16.86053485,45.72235976,-5.415033617,-4.835805095,-7.205885064,141.864,42.73193405,115.8803608,-13.72405214,-12.25603495,-18.2628492,17.90560932,48.55639032,-5.750676196,-5.13554508,-7.652530832,14.62603951,-1.7322049,-1.54691658,-2.305076995,-4.697389279,-4.194924836,-6.250902512,0.496817293,0.74031278,0.661123931,0.878934625,0.948453608,0.885189437,0.699011649,0.862973261,-2.935031048,-1.994808703
SW-60110129,HENLEAZE LAKE (36050),2014-08-08T15:30:00,7.67,20.7,7.98,2.240709689,6.318968114,5.030437921,-0.800336185,-0.599551492,-0.608761429,-0.79335334,158.769,61.2066,17.18624331,48.46648543,-6.138578539,-4.598559944,-4.66920016,165.186,46.38269056,130.80264,-16.56695903,-12.41071588,-12.60136158,17.88086332,50.42536555,-6.386682756,-4.784420906,-4.857916203,14.15897308,-1.793321044,-1.343420837,-1.364057632,-5.057298833,-3.788546761,-3.846744059,0.479842754,0.4872138,0.364983823,0.884659746,0.953917051,0.888641425,0.691425615,0.863368717,-4.008418776,-1.497199965
AN-62M01,R.OUSE THE POINT KINGS LYNN,2014-08-03T11:35:00,7.22,19.55,8.03,3.339321978,10.64270692,6.109247583,-0.848882665,-0.528581328,-0.994056338,0.108866875,141.151,57.9766,24.10990468,76.84034396,-6.128932841,-3.816357188,-7.17708676,156.9865,65.28374467,208.0649203,-16.5956561,-10.33376496,-19.43380141,26.81475548,85.46093657,-6.8165278,-4.244508064,-7.982272394,35.53942512,-2.83469254,-1.765103246,-3.319474177,-9.034409413,-5.625536157,-10.57945027,0.448703526,0.843837193,0.525439619,0.878345499,0.9513382,0.889258029,0.769549251,0.914109321,-5.617374506,-1.121256665
SW-60110129,HENLEAZE LAKE (36050),2014-07-29T11:26:00,6.42,22.8,7.89,2.509599262,6.326149473,4.836281907,-0.89115291,-0.453703086,-0.989015863,0.147809411,146.376,50.6538,16.11162726,40.61387962,-5.721201682,-2.912773812,-6.34948184,179.892,57.21886317,144.236208,-20.31828635,-10.34443036,-22.54956168,19.80073818,49.91331934,-7.03119646,-3.579717349,-7.803335159,15.87610005,-2.236436685,-1.13861293,-2.48203348,-5.637566512,-2.870193538,-6.256662181,0.404318825,0.881364364,0.448719549,0.865229111,0.957983193,0.887514061,0.715067184,0.863502648,-8.187200136,-0.830506405
SW-60110129,HENLEAZE LAKE (36050),2014-07-24T14:53:00,7.89,24.8,7.91,2.694627181,6.320768294,5.087596335,-0.926834394,-0.375470379,-0.72837097,-0.68518299,195.672,62.4099,21.26060846,49.87086184,-7.312723369,-2.96246129,-5.746846953,196.168,66.82675409,156.7550537,-22.98549297,-9.311665399,-18.06360006,21.314501,49.99727721,-7.331260057,-2.969970698,-5.761414373,17.03211405,-2.49747315,-1.011752689,-1.962688214,-5.858305451,-2.373261267,-4.603864133,0.347998861,0.675079267,0.273481724,0.887514061,0.96124031,0.887766554,0.729336696,0.863402315,-12.6676241,-0.601205077
SW-60110129,HENLEAZE LAKE (36050),2014-07-18T09:30:00,7.33,21,7.87,2.397895273,6.313548046,5.375278408,-0.960587111,-0.277979139,-0.79335334,0.608761429,153.93,57.6871,17.57657235,46.27830718,-7.041103524,-2.037587089,-5.815279982,165.27,50.35580073,132.584509,-20.17232933,-5.837561919,-16.66042014,18.8714358,49.68762312,-7.559820564,-2.187695824,-6.243690786,15.13922702,-2.303387293,-0.666564863,-1.902378224,-6.064712878,-1.75503465,-5.00887443,0.267023178,0.762084993,0.220535678,0.879951981,0.954545455,0.887260428,0.70570017,0.86326746,-24.37241053,-0.385001534
SW-60110129,HENLEAZE LAKE (36050),2014-07-14T11:10:00,8.34,21.1,8,2.734367509,6.313548046,4.276666119,-0.977426496,-0.211275756,-0.976296007,0.216439614,175.974,66.72,22.80462503,52.6549907,-8.151736977,-1.762039805,-8.142308698,168.8,57.69515444,133.2158638,-20.62369907,-4.457918452,-20.59984575,21.87494007,50.50838437,-7.819411968,-1.690206048,-7.810368056,17.26356064,-2.672643253,-0.577705563,-2.669552081,-6.171029144,-1.333899636,-6.163891747,0.206506522,0.954257585,0.206267677,0.892933619,0.954751131,0.888888889,0.732217036,0.86326746,-43.29972414,-0.267870244
AN-62M01,R.OUSE THE POINT KINGS LYNN,2014-07-11T18:00:00,7.88,17.005,8.054,4.377014093,3.808039319,7.090076836,-0.987023716,-0.160574545,-1.84E-16,-1,133.9994,63.46552,34.49087105,30.00734983,-7.777746882,-1.265327415,-1.45E-15,136.95827,74.43112465,64.75570862,-16.78433829,-2.730570138,-3.13E-15,35.25247151,30.66994868,-7.949489009,-1.293267385,-1.48E-15,16.66784177,-4.320216715,-0.702837046,-8.05E-16,-3.758625119,-0.611474181,-7.01E-16,0.158490884,1.82E-16,2.95E-17,0.887387387,0.944459872,0.889551579,0.814023177,0.792015012,-76.06366476,-0.191291012
SW-60110129,HENLEAZE LAKE (36050),2014-07-09T10:40:00,8.45,19.2,8.11,2.351375257,6.304997098,3.80666249,-0.99196306,-0.126527817,-0.939692621,0.342020143,162.24,68.5295,19.86912092,53.27722548,-8.382087857,-1.069160054,-7.940402647,155.712,45.14640493,121.0559443,-19.04569075,-2.429334086,-18.04209832,19.06965333,51.13352646,-8.044820417,-1.026140596,-7.620907156,14.82541417,-2.332477395,-0.297514378,-2.209569978,-6.254324215,-0.797757519,-5.924759248,0.125510921,0.932140368,0.118897256,0.894179894,0.95049505,0.890230516,0.701615032,0.863107406,-123.4254654,-0.144856149
AN-DEB020,R.DEBEN A1120 RD.BR.ASHFIELD,2014-07-02T10:09:00,7.63,13.2,7.79,1.131402111,7.203405521,6.461468176,-0.999979193,-0.006450864,-0.884987637,0.46561452,100.716,59.4377,8.632598107,54.96198413,-7.629841243,-0.049220092,-6.75245567,102.828,14.93450787,95.08495288,-13.19972535,-0.085151405,-11.68183681,8.813622445,56.11452901,-7.789837913,-0.050252231,-6.894053692,8.149948213,-1.13137857,-0.007298521,-1.001276881,-7.20325564,-0.046468189,-6.37492483,0.00645073,0.884969223,0.005708935,0.884125145,0.929577465,0.886234357,0.530825275,0.878099407,-48059.74879,-0.006492748
SW-60110129,HENLEAZE LAKE (36050),2014-06-30T11:27:00,9.25,20.1,8.23,2.292534757,6.388561406,4.59511985,-0.999609314,0.027950298,-0.989651387,0.143492622,185.925,76.1275,21.2059465,59.09419301,-9.246386155,0.258540257,-9.15427533,165.423,46.07994862,128.4100843,-20.09214721,0.56180099,-19.89199288,18.86756105,52.57786037,-8.226784654,0.230030953,-8.144830915,14.64599907,-2.291639096,0.06407703,-2.268810202,-6.386065484,0.178562195,-6.322448656,-0.027939378,0.989264744,-0.027661051,0.902439024,0.952606635,0.891657638,0.696282629,0.864655656,-2558.600293,0.02719032
SW-60110129,HENLEAZE LAKE (36050),2014-06-20T11:31:00,7.44,20.6,8.09,2.424802726,6.300785795,4.394449155,-0.980070913,0.198647943,-0.99200495,0.126198969,153.264,60.1896,18.04053228,46.87784631,-7.291727593,1.477940696,-7.380516828,166.654,49.95093616,129.7961874,-20.18946081,4.092147626,-20.43530197,19.61665405,50.97335708,-7.928773686,1.607061859,-8.025320045,15.27816257,-2.376478622,0.481682074,-2.405416307,-6.175216887,1.251638137,-6.250410698,-0.194689071,0.972235197,-0.197059743,0.881516588,0.953703704,0.889988999,0.708012379,0.863028443,-49.17791332,0.165726679
SW-60110129,HENLEAZE LAKE (36050),2014-06-15T11:30:00,7.79,20.1,7.93,2.014903021,6.306275287,4.143134726,-0.959382753,0.282107663,-0.991444861,0.130526192,156.579,61.7747,15.69609453,49.12588449,-7.473591646,2.197618695,-7.723355467,159.393,40.49955072,126.7561333,-19.28359334,5.670364026,-19.92804171,15.97818096,50.00876303,-7.607905231,2.237113768,-7.862157748,12.70653313,-1.933063207,0.568419582,-1.997665246,-6.050131746,1.779048583,-6.252324225,-0.270649226,0.9511751,-0.279694193,0.886234357,0.952606635,0.888017917,0.668314373,0.863131355,-23.62008319,0.220034301
AN-DEB020,R.DEBEN A1120 RD.BR.ASHFIELD,2014-06-03T12:48:00,7.72,14.3,7.89,1.280933845,6.913737351,5.828945618,-0.881191653,0.472759209,-0.978147601,-0.207911691,110.396,60.9108,9.888809283,53.37405235,-6.802799561,3.649701093,-7.55129948,112.827,18.31735398,98.86644412,-12.60104064,6.760456689,-13.98751069,10.10656804,54.5493877,-6.952602142,3.730070159,-7.717584572,8.856040168,-1.128748212,0.605573271,-1.252942368,-6.092327645,3.268533001,-6.762655604,-0.416591469,0.861935501,-0.462428286,0.885321101,0.934640523,0.887514061,0.561583076,0.873637454,-7.416917037,0.321002378
AN-DEB020,R.DEBEN A1120 RD.BR.ASHFIELD,2014-05-01T11:14:00,9.96,11.8,7.98,1.131402111,7.113142109,6.476972363,-0.488785394,0.872404057,-0.979924705,0.199367934,117.528,79.4808,11.26876503,70.84689541,-4.868302524,8.689144408,-9.760050062,94.164,13.35054491,83.93507689,-5.767667649,10.29436787,-11.56311152,9.028588846,56.76287403,-3.900507444,6.961784375,-7.819799146,8.047823998,-0.553012827,0.987039792,-1.10868888,-3.476799968,6.205534034,-6.970343683,-0.426418361,0.478972883,-0.854890288,0.908759124,0.921875,0.888641425,0.530825275,0.876743192,-0.956125643,0.465927241
AN-DEB020,R.DEBEN A1120 RD.BR.ASHFIELD,2014-04-02T12:12:00,14.9,11.7,8.07,1.648658626,7.01301579,4.276666119,-0.011826391,0.999930066,-0.998629535,-0.052335956,174.33,120.243,24.56501353,104.4939353,-0.176213226,14.89895798,-14.87958007,94.419,19.28930592,82.05228474,-0.138368775,11.69918177,-11.68396556,13.30467511,56.59503743,-0.095438975,8.069435633,-8.058940347,11.56206898,-0.019497682,1.648543329,-1.646399197,-0.082938667,7.012525342,-7.003404697,-0.011825564,0.011810183,-0.998559697,0.937106918,0.921259843,0.889746417,0.622450402,0.875203041,-0.011967928,0.499982516
AN-62M01,R.OUSE THE POINT KINGS LYNN,2014-03-06T11:55:00,11.4,7,8.26,3.218875825,8.535249196,4.983606622,0.437340096,0.899296192,-0.999762027,0.021814885,79.8,94.164,36.69518441,97.30184083,4.985677094,10.25197659,-11.39728711,57.82,22.53213078,59.74674437,3.061380672,6.295073344,-6.998334189,26.58791431,70.50115836,3.612429193,7.428186546,-8.258034343,27.4739073,1.407743462,2.894722772,-3.218109819,3.732806703,7.6757171,-8.533218037,0.393298283,-0.437236021,-0.899082184,0.919354839,0.875,0.892008639,0.762970032,0.895125971,0.304270435,0.473489178
AN-DEB020,R.DEBEN A1120 RD.BR.ASHFIELD,2014-03-04T13:22:00,12.7,6.4,8.25,2.32238772,6.670766321,6.345636361,0.468015328,0.883720347,-0.936672189,-0.350207381,81.28,104.775,29.49432404,84.71873228,5.943794666,11.22324841,-11.8957368,52.8,14.86328141,42.69290445,2.995298099,5.655810221,-5.99470201,19.15969869,55.03382215,3.861126456,7.290692863,-7.727545559,15.49210579,1.086913051,2.052341282,-2.175315989,3.122020888,5.895091928,-6.248321292,0.413594668,-0.438376942,-0.827756272,0.927007299,0.864864865,0.891891892,0.699011649,0.869634928,0.318808203,0.469135638
AN-62M01,R.OUSE THE POINT KINGS LYNN,2014-02-17T16:43:00,11,5.38,8.22,4.172847624,6.794138552,6.363028104,0.678030602,0.735033674,-0.329690645,-0.94408902,59.18,90.42,45.90132386,74.73552407,7.458336622,8.085370414,-3.626597095,44.2236,22.44992022,36.55246541,3.647804639,3.954481166,-1.77373567,34.30080747,55.8478189,5.573411548,6.0419768,-2.710057102,28.35090491,2.829318387,3.06718352,-1.375748825,4.606633852,4.993920622,-2.239963921,0.498375324,-0.223540347,-0.242333726,0.916666667,0.843260188,0.89154013,0.806682881,0.871698457,0.404063312,0.42364231
AN-62M01,R.OUSE THE POINT KINGS LYNN,2014-01-16T08:20:00,10.5,5.684,8.049,3.761200116,0.532978428,5.828945618,0.96236033,0.271776738,-0.573576436,0.819152044,59.682,84.5145,39.49260122,5.596273494,10.10478347,2.853655749,-6.022552578,45.750516,21.37866146,3.029449385,5.470056116,1.544778979,-3.260208462,30.27389973,4.289943367,7.746038296,2.187530964,-4.616716733,2.004638525,3.619629785,1.022206698,-2.157335758,0.512917296,0.144851139,-0.305703867,0.261547151,-0.551987208,-0.155884733,0.913043478,0.850388989,0.889490551,0.789968921,0.3476751,0.490409593,0.213698466
AN-DEB020,R.DEBEN A1120 RD.BR.ASHFIELD,2014-01-03T14:29:00,11.8,7,8.16,2.939161922,6.72982407,6.985641818,0.99866864,0.051584367,-0.796002003,-0.605293988,82.6,96.288,34.68211068,79.41192403,11.78428995,0.608695531,-9.392823635,57.12,20.57413345,47.10876849,6.99068048,0.361090569,-5.572014021,23.98356128,54.91536441,8.149136102,0.420928435,-6.495376344,19.78004265,2.935248839,0.151614807,-2.339578777,6.720864251,0.347153715,-5.35695344,0.05151569,-0.794942238,-0.041061259,0.921875,0.875,0.890829694,0.746138895,0.87063095,0.499666938,0.04905395
AN-62M01,R.OUSE THE POINT KINGS LYNN,2013-12-10T12:52:00,10.8,5.004,8.129,3.414442608,10.31513352,5.693732139,0.933926759,-0.357464416,-0.974370065,-0.224951054,54.0432,87.7932,36.87598017,111.403442,10.086409,-3.860615693,-10.5231967,40.677516,17.08587081,51.61692813,4.673369502,-1.788751938,-4.875747805,27.75600396,83.85172038,7.591890624,-2.905828238,-7.920654258,35.2204314,3.188839319,-1.220541733,-3.326930666,9.633579217,-3.68729318,-10.05075732,-0.333845583,-0.909990277,0.348302626,0.915254237,0.83344437,0.890458977,0.773470835,0.911622784,0.482917336,-0.556334038
AN-DEB020,R.DEBEN A1120 RD.BR.ASHFIELD,2013-11-25T14:46:00,10.1,5.8,7.91,1.064710737,6.918695219,6.551080335,0.811788547,-0.5839515,-0.748955721,-0.662620048,58.58,79.891,10.75357844,69.87882171,8.199064325,-5.89791015,-7.564452782,45.878,6.175322275,40.12843227,4.708373573,-3.3869187,-4.343943182,8.42186193,54.72687918,6.421247407,-4.619056365,-5.924239753,7.366409086,0.864319982,-0.621739432,-0.797421198,5.616517539,-4.040182451,-5.181796366,-0.47404514,-0.607993677,0.437353817,0.90990991,0.852941176,0.887766554,0.515670654,0.873716569,0.448059211,-1.40356593
AN-62M01,R.OUSE THE POINT KINGS LYNN,2013-11-18T08:11:00,9.62,7.5,8,1.962907725,2.926917958,4.605170186,0.735762235,-0.677239938,-0.540974471,0.841039013,72.15,76.96,18.88317231,28.15695076,7.078032701,-6.515048204,-5.204174411,60,14.72180794,21.95188469,5.518216763,-5.079299535,-4.057308533,15.7032618,23.41534366,5.88609788,-5.417919504,-4.327795768,5.74526987,1.444233375,-1.329359506,-1.061882968,2.153515698,-1.982225736,-1.583387894,-0.49828757,-0.398028586,0.366369517,0.905838041,0.882352941,0.888888889,0.662493708,0.745347366,0.423884228,-2.098276763
AN-62M01,R.OUSE THE POINT KINGS LYNN,2013-10-16T15:49:00,8.64,11.87,8.04,5.886937018,2.772588722,5.204006687,0.256221822,-0.96661801,-0.540974471,-0.841039013,102.5568,69.4656,50.86313584,23.95516656,2.213756542,-8.351579606,-4.674019429,95.4348,69.8779424,32.91062813,3.041353027,-11.47375578,-6.421366971,47.33097362,22.29161332,2.060023449,-7.7716088,-4.349434747,16.32205518,1.508361729,-5.690419345,-3.184682639,0.710397734,-2.680034193,-1.499899717,-0.247668628,-0.138609465,0.522915667,0.89626556,0.922299922,0.889380531,0.854797569,0.734930025,0.203962244,-28.95627283
AN-DEB020,R.DEBEN A1120 RD.BR.ASHFIELD,2013-10-02T15:28:00,7.94,13.1,7.83,2.261763098,7.192182059,7.170119543,0.018276558,-0.99983297,-0.615661475,-0.788010754,104.014,62.1702,17.958399,57.10592555,0.145115871,-7.938673782,-4.888352112,102.573,29.62909658,94.21758497,0.23942291,-13.09781191,-8.065165323,17.70960506,56.31478552,0.143105449,-7.828692155,-4.820629349,16.26701198,0.041337244,-2.261385316,-1.392480405,0.131448333,-7.190980749,-4.427949415,-0.018273505,-0.011252173,0.615558641,0.888143177,0.929078014,0.886749717,0.693417342,0.8779324,0.017948521,-5985.948452
AN-DEB020,R.DEBEN A1120 RD.BR.ASHFIELD,2013-09-06T14:53:00,6.84,16.3,7.9,1.547562509,7.202661197,6.994849986,-0.415948392,-0.90938822,-0.72837097,-0.68518299,111.492,54.036,10.58532756,49.26620259,-2.845087001,-6.220215425,-4.982057435,128.77,25.2252689,117.4033775,-6.77995879,-14.82302799,-11.87244681,12.22574382,56.90102346,-3.285992297,-7.184166938,-5.754130663,11.14656843,-0.643706137,-1.407335115,-1.127199606,-2.995935343,-6.550015245,-5.246209323,0.378258568,0.302964734,0.66237198,0.87244898,0.942196532,0.887640449,0.607467924,0.878088345,-0.712177462,-10.03609266
AN-62M01,R.OUSE THE POINT KINGS LYNN,2013-09-06T08:04:00,7.11,19.24,8.05,2.850706502,10.76298569,4.574710979,-0.415948392,-0.90938822,-0.515038075,0.857167301,136.7964,57.2355,20.26852323,76.52482826,-2.957393067,-6.465750244,-3.661920713,154.882,54.8475931,207.0798447,-8.002847062,-17.49662935,-9.909332563,22.94818734,86.6420348,-3.348384556,-7.320575171,-4.146056504,30.68211329,-1.185746786,-2.592398912,-1.468222389,-4.476846591,-9.787732399,-5.543347431,0.378258568,0.214229259,0.468369558,0.876695438,0.950592885,0.889502762,0.740307396,0.91498757,-0.712177462,-10.03609266
AN-62M01,R.OUSE THE POINT KINGS LYNN,2013-08-08T08:48:00,7.27,18.57,8.13,3.152736022,10.79973883,4.564348191,-0.800336185,-0.599551492,-0.669130606,0.743144825,135.0039,59.1051,22.92039088,78.51410129,-5.818444065,-4.358739347,-4.864579506,150.9741,58.54630793,200.5511501,-14.86224296,-11.13367121,-12.42575535,25.63174386,87.80187669,-6.506733184,-4.87435363,-5.440031827,34.04872564,-2.52324872,-1.890227586,-2.109592165,-8.643421774,-6.474999529,-7.226435788,0.479842754,0.535529436,0.401178253,0.879081016,0.94890138,0.890470975,0.759194903,0.915252362,-4.008418776,-1.497199965
AN-62M01,R.OUSE THE POINT KINGS LYNN,2013-07-09T19:21:00,6.89,19.97,8.19,3.706228092,10.82270799,3.583518938,-0.99196306,-0.126527817,0.346117057,-0.938191336,137.5933,56.4291,25.53591155,74.56845805,-6.834625483,-0.871776659,2.384746523,163.5543,74.013375,216.1294786,-19.80950231,-2.526760505,6.911957628,30.35400807,88.63797844,-8.124177461,-1.036262821,2.834698697,40.11142438,-3.676441359,-0.46894095,1.28278876,-10.73572654,-1.369373616,3.745923838,0.125510921,-0.343335335,-0.043793436,0.873257288,0.952312828,0.891186072,0.787515611,0.915417009,-123.4254654,-0.144856149
AN-DEB020,R.DEBEN A1120 RD.BR.ASHFIELD,2013-06-27T10:54:00,7.22,13.6,7.98,2.054123734,7.058758153,6.152732695,-0.996836676,0.0794773,-0.958819735,0.284015345,98.192,57.6156,14.83077336,50.96423386,-7.197160801,0.573826106,-6.922678487,108.528,27.93608278,95.99911088,-13.55697879,1.08089128,-13.0399484,16.3919074,56.32889006,-7.954756674,0.634228854,-7.651381485,14.49956265,-2.047625875,0.163256208,-1.969534374,-7.036429014,0.561011039,-6.768076622,-0.079225888,0.955786678,-0.076204404,0.878345499,0.931506849,0.888641425,0.672573842,0.875911402,-315.1231666,0.073625726
AN-62M01,R.OUSE THE POINT KINGS LYNN,2013-06-06T16:42:00,8.2,16.008,8.157,5.223054882,3.08278115,3.988984047,-0.904405455,0.426674083,-0.333806859,-0.942641491,131.2656,66.8874,42.82905003,25.27880543,-7.416124731,3.498727481,-2.737216244,130.577256,83.61066255,49.34916065,-14.47772252,6.830198721,-5.343580199,42.60445867,25.14624584,-7.377235296,3.480380495,-2.722862549,16.10153514,-4.723759327,2.228542152,-1.743491545,-2.788084089,1.31534282,-1.029053493,-0.385886368,0.301896744,-0.142426735,0.891304348,0.941204139,0.890793928,0.839307218,0.755068919,-9.460847949,0.299069064
AN-DEB020,R.DEBEN A1120 RD.BR.ASHFIELD,2013-05-22T14:21:00,13.4,11.2,8.13,1.360976553,6.946975992,6.455198563,-0.765583517,0.64333652,-0.816641555,-0.57714519,150.08,108.942,18.23708581,93.08947829,-10.25881913,8.620709368,-10.94299684,91.056,15.24293739,77.80613111,-8.57453539,7.205369024,-9.146385416,11.06473938,56.47891481,-6.224193993,5.230325908,-6.639295842,9.454671439,-1.041941216,0.875565919,-1.111430009,-5.318490312,4.469243359,-5.673189277,-0.492527836,0.625207314,-0.525375336,0.930555556,0.918032787,0.890470975,0.57644645,0.874165972,-3.265911625,0.39148191
AN-DEB020,R.DEBEN A1120 RD.BR.ASHFIELD,2013-04-17T11:53:00,13.3,11.2,8.29,1.704748092,6.777646594,6.063785209,-0.266599421,0.963807423,-0.999533591,0.030538513,148.96,110.257,22.67314962,90.1426997,-3.545772299,12.81863873,-13.29379676,92.848,19.09317863,75.90964185,-2.985913515,10.79464314,-11.19477622,14.13236168,56.18669026,-2.2101092,7.989963537,-8.286133469,11.5541801,-0.454484854,1.643048865,-1.703952982,-1.806916658,6.532346098,-6.774485439,-0.256950501,0.266475077,-0.963357895,0.93006993,0.918032787,0.892357374,0.630279802,0.871426403,-0.363511332,0.4907851
AN-62M01,R.OUSE THE POINT KINGS LYNN,2013-04-08T16:32:00,13.2,6.487,8.406,3.650658241,9.108861203,2.302585093,-0.114787626,0.993390055,-0.374606593,-0.927183855,85.6284,110.9592,48.18868878,120.2369679,-1.515196663,13.11274873,-4.944807028,54.529722,23.68182001,59.08918262,-0.74462733,6.444121287,-2.430072969,30.68743317,76.56908727,-0.964904784,8.350436802,-3.148943021,33.25333922,-0.419050393,3.626527591,-1.367560646,-1.045584553,9.048652131,-3.412239461,-0.114028886,0.043000201,-0.372130464,0.929577465,0.866435154,0.893684882,0.784976675,0.901076889,-0.129672415,0.498342034
AN-62M01,R.OUSE THE POINT KINGS LYNN,2012-07-04T09:54:00,6.82,17.02,8.03,4.007333185,10.48430359,4.290459441,-0.998315097,-0.058025569,-0.852640164,0.522498565,116.0764,54.7646,27.33001232,71.50295048,-6.808508962,-0.395734381,-5.815005918,136.6706,68.20481081,178.4428471,-16.99132295,-0.987595184,-14.51193559,32.17888548,84.18895783,-8.016470229,-0.465945319,-6.846700517,42.0140977,-4.000581217,-0.232527788,-3.416813224,-10.46663856,-0.608357681,-8.939338332,0.057927802,0.851203548,0.049474931,0.872122762,0.944506104,0.889258029,0.800292898,0.912924629,-592.5059763,-0.061599941
AN-DEB020,R.DEBEN A1120 RD.BR.ASHFIELD,2012-03-28T16:27:00,14.9,10.9,8.15,1.916922612,7.071573364,3.583518938,0.056952196,0.998376906,-0.394743856,-0.91879121,162.41,121.435,28.56214692,105.3664431,0.84858772,14.8758159,-5.881683454,88.835,20.89445647,77.08014967,0.620778936,10.88230828,-4.30270803,15.62291929,57.63332292,0.464160397,8.136771784,-3.217162426,13.55565888,0.109172952,1.913811266,-0.756693424,0.402741632,7.060095536,-2.791460138,0.056859757,-0.022481529,-0.39410315,0.937106918,0.915966387,0.890710383,0.657172941,0.876108417,0.053883417,0.499593897
AN-62M01,R.OUSE THE POINT KINGS LYNN,2011-06-14T16:17:00,7.63,17.77,8.06,4.139955073,10.7208857,3.988984047,-0.954388108,0.298568817,-0.434445257,-0.900698239,135.5851,61.4978,31.58785721,81.80035789,-7.281981264,2.278080074,-3.314817311,143.2262,73.56700165,190.5101389,-16.95947668,5.305567878,-7.720092217,33.36803789,86.41033874,-7.69236815,2.406464665,-3.501628771,44.38398514,-3.951123889,1.236061489,-1.798583846,-10.23188582,3.200922161,-4.657637943,-0.284950528,0.414629387,-0.129711806,0.884125145,0.946723495,0.889624724,0.80544577,0.914682216,-20.92410699,0.229921444
